"ID","DAY","SEX","LINE","SEED","VIAL","YEAR","eclosing","EVENT","TRT"
"M1_A_V1_2015",14,"f","M1","A","V1","2015",12,1,"M"
"M1_A_V1_2015",15,"f","M1","A","V1","2015",6,1,"M"
"M1_A_V1_2015",16,"f","M1","A","V1","2015",4,1,"M"
"M1_A_V1_2015",17,"f","M1","A","V1","2015",20,1,"M"
"M1_A_V1_2015",19,"f","M1","A","V1","2015",2,1,"M"
"M1_A_V1_2015",21,"f","M1","A","V1","2015",4,0,"M"
"M1_A_V1_2015",14,"m","M1","A","V1","2015",13,1,"M"
"M1_A_V1_2015",15,"m","M1","A","V1","2015",10,1,"M"
"M1_A_V1_2015",16,"m","M1","A","V1","2015",2,1,"M"
"M1_A_V1_2015",17,"m","M1","A","V1","2015",19,1,"M"
"M1_A_V1_2015",18,"m","M1","A","V1","2015",3,1,"M"
"M1_A_V1_2015",21,"m","M1","A","V1","2015",5,0,"M"
"M1_A_V2_2015",15,"f","M1","A","V2","2015",2,1,"M"
"M1_A_V2_2015",16,"f","M1","A","V2","2015",17,1,"M"
"M1_A_V2_2015",17,"f","M1","A","V2","2015",27,1,"M"
"M1_A_V2_2015",18,"f","M1","A","V2","2015",2,1,"M"
"M1_A_V2_2015",21,"f","M1","A","V2","2015",3,0,"M"
"M1_A_V2_2015",16,"m","M1","A","V2","2015",8,1,"M"
"M1_A_V2_2015",17,"m","M1","A","V2","2015",36,1,"M"
"M1_A_V2_2015",18,"m","M1","A","V2","2015",1,1,"M"
"M1_A_V2_2015",21,"m","M1","A","V2","2015",4,0,"M"
"M1_A_V3_2015",15,"f","M1","A","V3","2015",1,1,"M"
"M1_A_V3_2015",16,"f","M1","A","V3","2015",24,1,"M"
"M1_A_V3_2015",17,"f","M1","A","V3","2015",15,1,"M"
"M1_A_V3_2015",21,"f","M1","A","V3","2015",10,0,"M"
"M1_A_V3_2015",16,"m","M1","A","V3","2015",13,1,"M"
"M1_A_V3_2015",17,"m","M1","A","V3","2015",25,1,"M"
"M1_A_V3_2015",19,"m","M1","A","V3","2015",1,1,"M"
"M1_A_V3_2015",21,"m","M1","A","V3","2015",11,0,"M"
"M1_A_V4_2015",13,"f","M1","A","V4","2015",8,1,"M"
"M1_A_V4_2015",14,"f","M1","A","V4","2015",8,1,"M"
"M1_A_V4_2015",15,"f","M1","A","V4","2015",17,1,"M"
"M1_A_V4_2015",16,"f","M1","A","V4","2015",6,1,"M"
"M1_A_V4_2015",21,"f","M1","A","V4","2015",8,0,"M"
"M1_A_V4_2015",13,"m","M1","A","V4","2015",4,1,"M"
"M1_A_V4_2015",14,"m","M1","A","V4","2015",7,1,"M"
"M1_A_V4_2015",15,"m","M1","A","V4","2015",19,1,"M"
"M1_A_V4_2015",16,"m","M1","A","V4","2015",13,1,"M"
"M1_A_V4_2015",21,"m","M1","A","V4","2015",10,0,"M"
"M1_A_V5_2015",14,"f","M1","A","V5","2015",11,1,"M"
"M1_A_V5_2015",15,"f","M1","A","V5","2015",36,1,"M"
"M1_A_V5_2015",16,"f","M1","A","V5","2015",7,1,"M"
"M1_A_V5_2015",17,"f","M1","A","V5","2015",1,1,"M"
"M1_A_V5_2015",21,"f","M1","A","V5","2015",7,0,"M"
"M1_A_V5_2015",14,"m","M1","A","V5","2015",1,1,"M"
"M1_A_V5_2015",15,"m","M1","A","V5","2015",21,1,"M"
"M1_A_V5_2015",16,"m","M1","A","V5","2015",7,1,"M"
"M1_A_V5_2015",17,"m","M1","A","V5","2015",1,1,"M"
"M1_A_V5_2015",21,"m","M1","A","V5","2015",8,0,"M"
"M1_A_V6_2015",15,"f","M1","A","V6","2015",1,1,"M"
"M1_A_V6_2015",16,"f","M1","A","V6","2015",11,1,"M"
"M1_A_V6_2015",17,"f","M1","A","V6","2015",38,1,"M"
"M1_A_V6_2015",20,"f","M1","A","V6","2015",1,1,"M"
"M1_A_V6_2015",21,"f","M1","A","V6","2015",4,0,"M"
"M1_A_V6_2015",16,"m","M1","A","V6","2015",3,1,"M"
"M1_A_V6_2015",17,"m","M1","A","V6","2015",29,1,"M"
"M1_A_V6_2015",18,"m","M1","A","V6","2015",8,1,"M"
"M1_A_V6_2015",21,"m","M1","A","V6","2015",5,0,"M"
"M1_B_V1_2015",15,"f","M1","B","V1","2015",17,1,"M"
"M1_B_V1_2015",16,"f","M1","B","V1","2015",18,1,"M"
"M1_B_V1_2015",17,"f","M1","B","V1","2015",17,1,"M"
"M1_B_V1_2015",18,"f","M1","B","V1","2015",3,1,"M"
"M1_B_V1_2015",19,"f","M1","B","V1","2015",1,1,"M"
"M1_B_V1_2015",21,"f","M1","B","V1","2015",3,0,"M"
"M1_B_V1_2015",15,"m","M1","B","V1","2015",5,1,"M"
"M1_B_V1_2015",16,"m","M1","B","V1","2015",13,1,"M"
"M1_B_V1_2015",17,"m","M1","B","V1","2015",20,1,"M"
"M1_B_V1_2015",21,"m","M1","B","V1","2015",3,0,"M"
"M1_B_V2_2015",15,"f","M1","B","V2","2015",4,1,"M"
"M1_B_V2_2015",16,"f","M1","B","V2","2015",21,1,"M"
"M1_B_V2_2015",17,"f","M1","B","V2","2015",14,1,"M"
"M1_B_V2_2015",21,"f","M1","B","V2","2015",12,0,"M"
"M1_B_V2_2015",15,"m","M1","B","V2","2015",2,1,"M"
"M1_B_V2_2015",16,"m","M1","B","V2","2015",18,1,"M"
"M1_B_V2_2015",17,"m","M1","B","V2","2015",14,1,"M"
"M1_B_V2_2015",18,"m","M1","B","V2","2015",1,1,"M"
"M1_B_V2_2015",21,"m","M1","B","V2","2015",14,0,"M"
"M1_B_V3_2015",13,"f","M1","B","V3","2015",1,1,"M"
"M1_B_V3_2015",14,"f","M1","B","V3","2015",5,1,"M"
"M1_B_V3_2015",15,"f","M1","B","V3","2015",21,1,"M"
"M1_B_V3_2015",16,"f","M1","B","V3","2015",13,1,"M"
"M1_B_V3_2015",17,"f","M1","B","V3","2015",2,1,"M"
"M1_B_V3_2015",20,"f","M1","B","V3","2015",1,1,"M"
"M1_B_V3_2015",21,"f","M1","B","V3","2015",7,0,"M"
"M1_B_V3_2015",14,"m","M1","B","V3","2015",5,1,"M"
"M1_B_V3_2015",15,"m","M1","B","V3","2015",22,1,"M"
"M1_B_V3_2015",16,"m","M1","B","V3","2015",15,1,"M"
"M1_B_V3_2015",21,"m","M1","B","V3","2015",8,0,"M"
"M1_B_V4_2015",14,"f","M1","B","V4","2015",2,1,"M"
"M1_B_V4_2015",15,"f","M1","B","V4","2015",9,1,"M"
"M1_B_V4_2015",16,"f","M1","B","V4","2015",22,1,"M"
"M1_B_V4_2015",17,"f","M1","B","V4","2015",12,1,"M"
"M1_B_V4_2015",21,"f","M1","B","V4","2015",5,0,"M"
"M1_B_V4_2015",14,"m","M1","B","V4","2015",1,1,"M"
"M1_B_V4_2015",15,"m","M1","B","V4","2015",9,1,"M"
"M1_B_V4_2015",16,"m","M1","B","V4","2015",23,1,"M"
"M1_B_V4_2015",17,"m","M1","B","V4","2015",10,1,"M"
"M1_B_V4_2015",18,"m","M1","B","V4","2015",1,1,"M"
"M1_B_V4_2015",21,"m","M1","B","V4","2015",6,0,"M"
"M1_B_V5_2015",15,"f","M1","B","V5","2015",5,1,"M"
"M1_B_V5_2015",16,"f","M1","B","V5","2015",16,1,"M"
"M1_B_V5_2015",17,"f","M1","B","V5","2015",38,1,"M"
"M1_B_V5_2015",18,"f","M1","B","V5","2015",2,1,"M"
"M1_B_V5_2015",21,"f","M1","B","V5","2015",2,0,"M"
"M1_B_V5_2015",16,"m","M1","B","V5","2015",13,1,"M"
"M1_B_V5_2015",17,"m","M1","B","V5","2015",19,1,"M"
"M1_B_V5_2015",18,"m","M1","B","V5","2015",3,1,"M"
"M1_B_V5_2015",21,"m","M1","B","V5","2015",2,0,"M"
"M1_B_V6_2015",16,"f","M1","B","V6","2015",16,1,"M"
"M1_B_V6_2015",17,"f","M1","B","V6","2015",30,1,"M"
"M1_B_V6_2015",18,"f","M1","B","V6","2015",5,1,"M"
"M1_B_V6_2015",21,"f","M1","B","V6","2015",0,0,"M"
"M1_B_V6_2015",15,"m","M1","B","V6","2015",1,1,"M"
"M1_B_V6_2015",16,"m","M1","B","V6","2015",14,1,"M"
"M1_B_V6_2015",17,"m","M1","B","V6","2015",27,1,"M"
"M1_B_V6_2015",18,"m","M1","B","V6","2015",6,1,"M"
"M1_B_V6_2015",21,"m","M1","B","V6","2015",1,0,"M"
"M1_C_V1_2015",14,"f","M1","C","V1","2015",6,1,"M"
"M1_C_V1_2015",15,"f","M1","C","V1","2015",19,1,"M"
"M1_C_V1_2015",16,"f","M1","C","V1","2015",20,1,"M"
"M1_C_V1_2015",17,"f","M1","C","V1","2015",2,1,"M"
"M1_C_V1_2015",21,"f","M1","C","V1","2015",4,0,"M"
"M1_C_V1_2015",14,"m","M1","C","V1","2015",2,1,"M"
"M1_C_V1_2015",15,"m","M1","C","V1","2015",17,1,"M"
"M1_C_V1_2015",16,"m","M1","C","V1","2015",24,1,"M"
"M1_C_V1_2015",17,"m","M1","C","V1","2015",2,1,"M"
"M1_C_V1_2015",21,"m","M1","C","V1","2015",4,0,"M"
"M1_C_V2_2015",13,"f","M1","C","V2","2015",1,1,"M"
"M1_C_V2_2015",14,"f","M1","C","V2","2015",11,1,"M"
"M1_C_V2_2015",15,"f","M1","C","V2","2015",22,1,"M"
"M1_C_V2_2015",16,"f","M1","C","V2","2015",11,1,"M"
"M1_C_V2_2015",21,"f","M1","C","V2","2015",7,0,"M"
"M1_C_V2_2015",14,"m","M1","C","V2","2015",8,1,"M"
"M1_C_V2_2015",15,"m","M1","C","V2","2015",9,1,"M"
"M1_C_V2_2015",16,"m","M1","C","V2","2015",20,1,"M"
"M1_C_V2_2015",17,"m","M1","C","V2","2015",1,1,"M"
"M1_C_V2_2015",18,"m","M1","C","V2","2015",1,1,"M"
"M1_C_V2_2015",21,"m","M1","C","V2","2015",9,0,"M"
"M1_C_V3_2015",13,"f","M1","C","V3","2015",3,1,"M"
"M1_C_V3_2015",14,"f","M1","C","V3","2015",11,1,"M"
"M1_C_V3_2015",15,"f","M1","C","V3","2015",13,1,"M"
"M1_C_V3_2015",16,"f","M1","C","V3","2015",20,1,"M"
"M1_C_V3_2015",17,"f","M1","C","V3","2015",1,1,"M"
"M1_C_V3_2015",21,"f","M1","C","V3","2015",4,0,"M"
"M1_C_V3_2015",14,"m","M1","C","V3","2015",16,1,"M"
"M1_C_V3_2015",15,"m","M1","C","V3","2015",11,1,"M"
"M1_C_V3_2015",16,"m","M1","C","V3","2015",17,1,"M"
"M1_C_V3_2015",21,"m","M1","C","V3","2015",4,0,"M"
"M1_C_V4_2015",14,"f","M1","C","V4","2015",15,1,"M"
"M1_C_V4_2015",15,"f","M1","C","V4","2015",27,1,"M"
"M1_C_V4_2015",16,"f","M1","C","V4","2015",17,1,"M"
"M1_C_V4_2015",17,"f","M1","C","V4","2015",1,1,"M"
"M1_C_V4_2015",21,"f","M1","C","V4","2015",4,0,"M"
"M1_C_V4_2015",14,"m","M1","C","V4","2015",11,1,"M"
"M1_C_V4_2015",15,"m","M1","C","V4","2015",14,1,"M"
"M1_C_V4_2015",16,"m","M1","C","V4","2015",6,1,"M"
"M1_C_V4_2015",17,"m","M1","C","V4","2015",1,1,"M"
"M1_C_V4_2015",21,"m","M1","C","V4","2015",4,0,"M"
"M1_C_V5_2015",14,"f","M1","C","V5","2015",6,1,"M"
"M1_C_V5_2015",15,"f","M1","C","V5","2015",31,1,"M"
"M1_C_V5_2015",16,"f","M1","C","V5","2015",13,1,"M"
"M1_C_V5_2015",17,"f","M1","C","V5","2015",2,1,"M"
"M1_C_V5_2015",21,"f","M1","C","V5","2015",4,0,"M"
"M1_C_V5_2015",14,"m","M1","C","V5","2015",4,1,"M"
"M1_C_V5_2015",15,"m","M1","C","V5","2015",19,1,"M"
"M1_C_V5_2015",16,"m","M1","C","V5","2015",15,1,"M"
"M1_C_V5_2015",17,"m","M1","C","V5","2015",2,1,"M"
"M1_C_V5_2015",21,"m","M1","C","V5","2015",4,0,"M"
"M1_C_V6_2015",14,"f","M1","C","V6","2015",5,1,"M"
"M1_C_V6_2015",15,"f","M1","C","V6","2015",25,1,"M"
"M1_C_V6_2015",16,"f","M1","C","V6","2015",18,1,"M"
"M1_C_V6_2015",17,"f","M1","C","V6","2015",3,1,"M"
"M1_C_V6_2015",21,"f","M1","C","V6","2015",2,0,"M"
"M1_C_V6_2015",14,"m","M1","C","V6","2015",1,1,"M"
"M1_C_V6_2015",15,"m","M1","C","V6","2015",23,1,"M"
"M1_C_V6_2015",16,"m","M1","C","V6","2015",21,1,"M"
"M1_C_V6_2015",21,"m","M1","C","V6","2015",2,0,"M"
"M2_A_V1_2015",15,"f","M2","A","V1","2015",3,1,"M"
"M2_A_V1_2015",16,"f","M2","A","V1","2015",20,1,"M"
"M2_A_V1_2015",17,"f","M2","A","V1","2015",20,1,"M"
"M2_A_V1_2015",18,"f","M2","A","V1","2015",2,1,"M"
"M2_A_V1_2015",20,"f","M2","A","V1","2015",1,1,"M"
"M2_A_V1_2015",21,"f","M2","A","V1","2015",6,0,"M"
"M2_A_V1_2015",16,"m","M2","A","V1","2015",17,1,"M"
"M2_A_V1_2015",17,"m","M2","A","V1","2015",19,1,"M"
"M2_A_V1_2015",18,"m","M2","A","V1","2015",4,1,"M"
"M2_A_V1_2015",19,"m","M2","A","V1","2015",1,1,"M"
"M2_A_V1_2015",21,"m","M2","A","V1","2015",7,0,"M"
"M2_A_V2_2015",15,"f","M2","A","V2","2015",11,1,"M"
"M2_A_V2_2015",16,"f","M2","A","V2","2015",18,1,"M"
"M2_A_V2_2015",17,"f","M2","A","V2","2015",6,1,"M"
"M2_A_V2_2015",18,"f","M2","A","V2","2015",1,1,"M"
"M2_A_V2_2015",21,"f","M2","A","V2","2015",16,0,"M"
"M2_A_V2_2015",14,"m","M2","A","V2","2015",5,1,"M"
"M2_A_V2_2015",15,"m","M2","A","V2","2015",15,1,"M"
"M2_A_V2_2015",16,"m","M2","A","V2","2015",9,1,"M"
"M2_A_V2_2015",21,"m","M2","A","V2","2015",19,0,"M"
"M2_A_V3_2015",15,"f","M2","A","V3","2015",1,1,"M"
"M2_A_V3_2015",16,"f","M2","A","V3","2015",12,1,"M"
"M2_A_V3_2015",17,"f","M2","A","V3","2015",22,1,"M"
"M2_A_V3_2015",18,"f","M2","A","V3","2015",7,1,"M"
"M2_A_V3_2015",20,"f","M2","A","V3","2015",1,1,"M"
"M2_A_V3_2015",21,"f","M2","A","V3","2015",10,0,"M"
"M2_A_V3_2015",16,"m","M2","A","V3","2015",10,1,"M"
"M2_A_V3_2015",17,"m","M2","A","V3","2015",22,1,"M"
"M2_A_V3_2015",18,"m","M2","A","V3","2015",4,1,"M"
"M2_A_V3_2015",21,"m","M2","A","V3","2015",11,0,"M"
"M2_A_V4_2015",14,"f","M2","A","V4","2015",2,1,"M"
"M2_A_V4_2015",15,"f","M2","A","V4","2015",19,1,"M"
"M2_A_V4_2015",16,"f","M2","A","V4","2015",12,1,"M"
"M2_A_V4_2015",17,"f","M2","A","V4","2015",7,1,"M"
"M2_A_V4_2015",21,"f","M2","A","V4","2015",12,0,"M"
"M2_A_V4_2015",15,"m","M2","A","V4","2015",14,1,"M"
"M2_A_V4_2015",16,"m","M2","A","V4","2015",18,1,"M"
"M2_A_V4_2015",17,"m","M2","A","V4","2015",2,1,"M"
"M2_A_V4_2015",18,"m","M2","A","V4","2015",1,1,"M"
"M2_A_V4_2015",21,"m","M2","A","V4","2015",13,0,"M"
"M2_A_V5_2015",14,"f","M2","A","V5","2015",3,1,"M"
"M2_A_V5_2015",15,"f","M2","A","V5","2015",12,1,"M"
"M2_A_V5_2015",16,"f","M2","A","V5","2015",7,1,"M"
"M2_A_V5_2015",17,"f","M2","A","V5","2015",1,1,"M"
"M2_A_V5_2015",21,"f","M2","A","V5","2015",29,0,"M"
"M2_A_V5_2015",15,"m","M2","A","V5","2015",10,1,"M"
"M2_A_V5_2015",16,"m","M2","A","V5","2015",3,1,"M"
"M2_A_V5_2015",17,"m","M2","A","V5","2015",3,1,"M"
"M2_A_V5_2015",21,"m","M2","A","V5","2015",32,0,"M"
"M2_A_V6_2015",15,"f","M2","A","V6","2015",9,1,"M"
"M2_A_V6_2015",16,"f","M2","A","V6","2015",15,1,"M"
"M2_A_V6_2015",17,"f","M2","A","V6","2015",3,1,"M"
"M2_A_V6_2015",21,"f","M2","A","V6","2015",19,0,"M"
"M2_A_V6_2015",14,"m","M2","A","V6","2015",2,1,"M"
"M2_A_V6_2015",15,"m","M2","A","V6","2015",11,1,"M"
"M2_A_V6_2015",16,"m","M2","A","V6","2015",11,1,"M"
"M2_A_V6_2015",17,"m","M2","A","V6","2015",7,1,"M"
"M2_A_V6_2015",18,"m","M2","A","V6","2015",1,1,"M"
"M2_A_V6_2015",21,"m","M2","A","V6","2015",22,0,"M"
"M2_B_V1_2015",15,"f","M2","B","V1","2015",5,1,"M"
"M2_B_V1_2015",16,"f","M2","B","V1","2015",16,1,"M"
"M2_B_V1_2015",17,"f","M2","B","V1","2015",19,1,"M"
"M2_B_V1_2015",18,"f","M2","B","V1","2015",1,1,"M"
"M2_B_V1_2015",19,"f","M2","B","V1","2015",2,1,"M"
"M2_B_V1_2015",21,"f","M2","B","V1","2015",7,0,"M"
"M2_B_V1_2015",15,"m","M2","B","V1","2015",2,1,"M"
"M2_B_V1_2015",16,"m","M2","B","V1","2015",16,1,"M"
"M2_B_V1_2015",17,"m","M2","B","V1","2015",20,1,"M"
"M2_B_V1_2015",18,"m","M2","B","V1","2015",3,1,"M"
"M2_B_V1_2015",21,"m","M2","B","V1","2015",9,0,"M"
"M2_B_V2_2015",15,"f","M2","B","V2","2015",7,1,"M"
"M2_B_V2_2015",16,"f","M2","B","V2","2015",18,1,"M"
"M2_B_V2_2015",17,"f","M2","B","V2","2015",18,1,"M"
"M2_B_V2_2015",19,"f","M2","B","V2","2015",1,1,"M"
"M2_B_V2_2015",21,"f","M2","B","V2","2015",7,0,"M"
"M2_B_V2_2015",15,"m","M2","B","V2","2015",4,1,"M"
"M2_B_V2_2015",16,"m","M2","B","V2","2015",18,1,"M"
"M2_B_V2_2015",17,"m","M2","B","V2","2015",14,1,"M"
"M2_B_V2_2015",18,"m","M2","B","V2","2015",2,1,"M"
"M2_B_V2_2015",19,"m","M2","B","V2","2015",1,1,"M"
"M2_B_V2_2015",20,"m","M2","B","V2","2015",2,1,"M"
"M2_B_V2_2015",21,"m","M2","B","V2","2015",8,0,"M"
"M2_B_V3_2015",14,"f","M2","B","V3","2015",10,1,"M"
"M2_B_V3_2015",15,"f","M2","B","V3","2015",15,1,"M"
"M2_B_V3_2015",16,"f","M2","B","V3","2015",7,1,"M"
"M2_B_V3_2015",21,"f","M2","B","V3","2015",20,0,"M"
"M2_B_V3_2015",14,"m","M2","B","V3","2015",3,1,"M"
"M2_B_V3_2015",15,"m","M2","B","V3","2015",15,1,"M"
"M2_B_V3_2015",16,"m","M2","B","V3","2015",5,1,"M"
"M2_B_V3_2015",17,"m","M2","B","V3","2015",2,1,"M"
"M2_B_V3_2015",21,"m","M2","B","V3","2015",23,0,"M"
"M2_B_V4_2015",15,"f","M2","B","V4","2015",6,1,"M"
"M2_B_V4_2015",16,"f","M2","B","V4","2015",23,1,"M"
"M2_B_V4_2015",17,"f","M2","B","V4","2015",12,1,"M"
"M2_B_V4_2015",18,"f","M2","B","V4","2015",3,1,"M"
"M2_B_V4_2015",19,"f","M2","B","V4","2015",2,1,"M"
"M2_B_V4_2015",20,"f","M2","B","V4","2015",1,1,"M"
"M2_B_V4_2015",21,"f","M2","B","V4","2015",9,0,"M"
"M2_B_V4_2015",16,"m","M2","B","V4","2015",12,1,"M"
"M2_B_V4_2015",17,"m","M2","B","V4","2015",17,1,"M"
"M2_B_V4_2015",18,"m","M2","B","V4","2015",4,1,"M"
"M2_B_V4_2015",19,"m","M2","B","V4","2015",1,1,"M"
"M2_B_V4_2015",21,"m","M2","B","V4","2015",10,0,"M"
"M2_B_V5_2015",16,"f","M2","B","V5","2015",9,1,"M"
"M2_B_V5_2015",17,"f","M2","B","V5","2015",31,1,"M"
"M2_B_V5_2015",18,"f","M2","B","V5","2015",10,1,"M"
"M2_B_V5_2015",19,"f","M2","B","V5","2015",1,1,"M"
"M2_B_V5_2015",21,"f","M2","B","V5","2015",6,0,"M"
"M2_B_V5_2015",16,"m","M2","B","V5","2015",3,1,"M"
"M2_B_V5_2015",17,"m","M2","B","V5","2015",19,1,"M"
"M2_B_V5_2015",18,"m","M2","B","V5","2015",13,1,"M"
"M2_B_V5_2015",19,"m","M2","B","V5","2015",1,1,"M"
"M2_B_V5_2015",21,"m","M2","B","V5","2015",7,0,"M"
"M2_B_V6_2015",15,"f","M2","B","V6","2015",3,1,"M"
"M2_B_V6_2015",16,"f","M2","B","V6","2015",16,1,"M"
"M2_B_V6_2015",17,"f","M2","B","V6","2015",20,1,"M"
"M2_B_V6_2015",18,"f","M2","B","V6","2015",6,1,"M"
"M2_B_V6_2015",21,"f","M2","B","V6","2015",9,0,"M"
"M2_B_V6_2015",15,"m","M2","B","V6","2015",1,1,"M"
"M2_B_V6_2015",16,"m","M2","B","V6","2015",9,1,"M"
"M2_B_V6_2015",17,"m","M2","B","V6","2015",20,1,"M"
"M2_B_V6_2015",18,"m","M2","B","V6","2015",6,1,"M"
"M2_B_V6_2015",21,"m","M2","B","V6","2015",10,0,"M"
"M2_C_V1_2015",14,"f","M2","C","V1","2015",7,1,"M"
"M2_C_V1_2015",15,"f","M2","C","V1","2015",12,1,"M"
"M2_C_V1_2015",16,"f","M2","C","V1","2015",27,1,"M"
"M2_C_V1_2015",17,"f","M2","C","V1","2015",2,1,"M"
"M2_C_V1_2015",21,"f","M2","C","V1","2015",9,0,"M"
"M2_C_V1_2015",14,"m","M2","C","V1","2015",6,1,"M"
"M2_C_V1_2015",15,"m","M2","C","V1","2015",7,1,"M"
"M2_C_V1_2015",16,"m","M2","C","V1","2015",12,1,"M"
"M2_C_V1_2015",17,"m","M2","C","V1","2015",6,1,"M"
"M2_C_V1_2015",20,"m","M2","C","V1","2015",1,1,"M"
"M2_C_V1_2015",21,"m","M2","C","V1","2015",11,0,"M"
"M2_C_V2_2015",13,"f","M2","C","V2","2015",2,1,"M"
"M2_C_V2_2015",14,"f","M2","C","V2","2015",14,1,"M"
"M2_C_V2_2015",15,"f","M2","C","V2","2015",17,1,"M"
"M2_C_V2_2015",16,"f","M2","C","V2","2015",14,1,"M"
"M2_C_V2_2015",17,"f","M2","C","V2","2015",2,1,"M"
"M2_C_V2_2015",20,"f","M2","C","V2","2015",1,1,"M"
"M2_C_V2_2015",21,"f","M2","C","V2","2015",7,0,"M"
"M2_C_V2_2015",13,"m","M2","C","V2","2015",1,1,"M"
"M2_C_V2_2015",14,"m","M2","C","V2","2015",6,1,"M"
"M2_C_V2_2015",15,"m","M2","C","V2","2015",11,1,"M"
"M2_C_V2_2015",16,"m","M2","C","V2","2015",12,1,"M"
"M2_C_V2_2015",17,"m","M2","C","V2","2015",4,1,"M"
"M2_C_V2_2015",21,"m","M2","C","V2","2015",9,0,"M"
"M2_C_V3_2015",13,"f","M2","C","V3","2015",1,1,"M"
"M2_C_V3_2015",14,"f","M2","C","V3","2015",20,1,"M"
"M2_C_V3_2015",15,"f","M2","C","V3","2015",15,1,"M"
"M2_C_V3_2015",16,"f","M2","C","V3","2015",7,1,"M"
"M2_C_V3_2015",17,"f","M2","C","V3","2015",4,1,"M"
"M2_C_V3_2015",21,"f","M2","C","V3","2015",5,0,"M"
"M2_C_V3_2015",14,"m","M2","C","V3","2015",10,1,"M"
"M2_C_V3_2015",15,"m","M2","C","V3","2015",19,1,"M"
"M2_C_V3_2015",16,"m","M2","C","V3","2015",7,1,"M"
"M2_C_V3_2015",17,"m","M2","C","V3","2015",6,1,"M"
"M2_C_V3_2015",20,"m","M2","C","V3","2015",1,1,"M"
"M2_C_V3_2015",21,"m","M2","C","V3","2015",5,0,"M"
"M2_C_V4_2015",13,"f","M2","C","V4","2015",3,1,"M"
"M2_C_V4_2015",14,"f","M2","C","V4","2015",14,1,"M"
"M2_C_V4_2015",15,"f","M2","C","V4","2015",11,1,"M"
"M2_C_V4_2015",16,"f","M2","C","V4","2015",12,1,"M"
"M2_C_V4_2015",17,"f","M2","C","V4","2015",2,1,"M"
"M2_C_V4_2015",21,"f","M2","C","V4","2015",8,0,"M"
"M2_C_V4_2015",13,"m","M2","C","V4","2015",2,1,"M"
"M2_C_V4_2015",14,"m","M2","C","V4","2015",14,1,"M"
"M2_C_V4_2015",15,"m","M2","C","V4","2015",16,1,"M"
"M2_C_V4_2015",16,"m","M2","C","V4","2015",7,1,"M"
"M2_C_V4_2015",17,"m","M2","C","V4","2015",1,1,"M"
"M2_C_V4_2015",21,"m","M2","C","V4","2015",10,0,"M"
"M2_C_V5_2015",13,"f","M2","C","V5","2015",1,1,"M"
"M2_C_V5_2015",14,"f","M2","C","V5","2015",20,1,"M"
"M2_C_V5_2015",15,"f","M2","C","V5","2015",13,1,"M"
"M2_C_V5_2015",21,"f","M2","C","V5","2015",18,0,"M"
"M2_C_V5_2015",14,"m","M2","C","V5","2015",9,1,"M"
"M2_C_V5_2015",15,"m","M2","C","V5","2015",17,1,"M"
"M2_C_V5_2015",16,"m","M2","C","V5","2015",2,1,"M"
"M2_C_V5_2015",21,"m","M2","C","V5","2015",20,0,"M"
"M2_C_V6_2015",13,"f","M2","C","V6","2015",2,1,"M"
"M2_C_V6_2015",14,"f","M2","C","V6","2015",13,1,"M"
"M2_C_V6_2015",15,"f","M2","C","V6","2015",15,1,"M"
"M2_C_V6_2015",16,"f","M2","C","V6","2015",9,1,"M"
"M2_C_V6_2015",17,"f","M2","C","V6","2015",2,1,"M"
"M2_C_V6_2015",21,"f","M2","C","V6","2015",13,0,"M"
"M2_C_V6_2015",14,"m","M2","C","V6","2015",6,1,"M"
"M2_C_V6_2015",15,"m","M2","C","V6","2015",14,1,"M"
"M2_C_V6_2015",16,"m","M2","C","V6","2015",11,1,"M"
"M2_C_V6_2015",21,"m","M2","C","V6","2015",15,0,"M"
"M3_A_V1_2015",15,"f","M3","A","V1","2015",7,1,"M"
"M3_A_V1_2015",16,"f","M3","A","V1","2015",23,1,"M"
"M3_A_V1_2015",17,"f","M3","A","V1","2015",21,1,"M"
"M3_A_V1_2015",21,"f","M3","A","V1","2015",0,0,"M"
"M3_A_V1_2015",15,"m","M3","A","V1","2015",1,1,"M"
"M3_A_V1_2015",16,"m","M3","A","V1","2015",18,1,"M"
"M3_A_V1_2015",17,"m","M3","A","V1","2015",29,1,"M"
"M3_A_V1_2015",18,"m","M3","A","V1","2015",1,1,"M"
"M3_A_V1_2015",21,"m","M3","A","V1","2015",0,0,"M"
"M3_A_V2_2015",14,"f","M3","A","V2","2015",7,1,"M"
"M3_A_V2_2015",15,"f","M3","A","V2","2015",13,1,"M"
"M3_A_V2_2015",21,"f","M3","A","V2","2015",31,0,"M"
"M3_A_V2_2015",14,"m","M3","A","V2","2015",3,1,"M"
"M3_A_V2_2015",15,"m","M3","A","V2","2015",9,1,"M"
"M3_A_V2_2015",16,"m","M3","A","V2","2015",1,1,"M"
"M3_A_V2_2015",21,"m","M3","A","V2","2015",36,0,"M"
"M3_A_V3_2015",15,"f","M3","A","V3","2015",8,1,"M"
"M3_A_V3_2015",16,"f","M3","A","V3","2015",16,1,"M"
"M3_A_V3_2015",17,"f","M3","A","V3","2015",29,1,"M"
"M3_A_V3_2015",18,"f","M3","A","V3","2015",1,1,"M"
"M3_A_V3_2015",20,"f","M3","A","V3","2015",1,1,"M"
"M3_A_V3_2015",21,"f","M3","A","V3","2015",0,0,"M"
"M3_A_V3_2015",15,"m","M3","A","V3","2015",2,1,"M"
"M3_A_V3_2015",16,"m","M3","A","V3","2015",14,1,"M"
"M3_A_V3_2015",17,"m","M3","A","V3","2015",29,1,"M"
"M3_A_V3_2015",18,"m","M3","A","V3","2015",1,1,"M"
"M3_A_V3_2015",21,"m","M3","A","V3","2015",-1,0,"M"
"M3_A_V4_2015",15,"f","M3","A","V4","2015",5,1,"M"
"M3_A_V4_2015",16,"f","M3","A","V4","2015",30,1,"M"
"M3_A_V4_2015",17,"f","M3","A","V4","2015",10,1,"M"
"M3_A_V4_2015",18,"f","M3","A","V4","2015",4,1,"M"
"M3_A_V4_2015",21,"f","M3","A","V4","2015",3,0,"M"
"M3_A_V4_2015",15,"m","M3","A","V4","2015",3,1,"M"
"M3_A_V4_2015",16,"m","M3","A","V4","2015",25,1,"M"
"M3_A_V4_2015",17,"m","M3","A","V4","2015",15,1,"M"
"M3_A_V4_2015",18,"m","M3","A","V4","2015",1,1,"M"
"M3_A_V4_2015",21,"m","M3","A","V4","2015",4,0,"M"
"M3_A_V5_2015",14,"f","M3","A","V5","2015",4,1,"M"
"M3_A_V5_2015",15,"f","M3","A","V5","2015",25,1,"M"
"M3_A_V5_2015",16,"f","M3","A","V5","2015",5,1,"M"
"M3_A_V5_2015",21,"f","M3","A","V5","2015",22,0,"M"
"M3_A_V5_2015",14,"m","M3","A","V5","2015",1,1,"M"
"M3_A_V5_2015",15,"m","M3","A","V5","2015",5,1,"M"
"M3_A_V5_2015",16,"m","M3","A","V5","2015",13,1,"M"
"M3_A_V5_2015",21,"m","M3","A","V5","2015",25,0,"M"
"M3_A_V6_2015",16,"f","M3","A","V6","2015",16,1,"M"
"M3_A_V6_2015",17,"f","M3","A","V6","2015",30,1,"M"
"M3_A_V6_2015",18,"f","M3","A","V6","2015",9,1,"M"
"M3_A_V6_2015",19,"f","M3","A","V6","2015",1,1,"M"
"M3_A_V6_2015",21,"f","M3","A","V6","2015",-3,0,"M"
"M3_A_V6_2015",15,"m","M3","A","V6","2015",1,1,"M"
"M3_A_V6_2015",16,"m","M3","A","V6","2015",11,1,"M"
"M3_A_V6_2015",17,"m","M3","A","V6","2015",24,1,"M"
"M3_A_V6_2015",18,"m","M3","A","V6","2015",14,1,"M"
"M3_A_V6_2015",19,"m","M3","A","V6","2015",1,1,"M"
"M3_A_V6_2015",21,"m","M3","A","V6","2015",-4,0,"M"
"M3_B_V1_2015",16,"f","M3","B","V1","2015",6,1,"M"
"M3_B_V1_2015",17,"f","M3","B","V1","2015",32,1,"M"
"M3_B_V1_2015",18,"f","M3","B","V1","2015",7,1,"M"
"M3_B_V1_2015",21,"f","M3","B","V1","2015",4,0,"M"
"M3_B_V1_2015",16,"m","M3","B","V1","2015",3,1,"M"
"M3_B_V1_2015",17,"m","M3","B","V1","2015",30,1,"M"
"M3_B_V1_2015",18,"m","M3","B","V1","2015",7,1,"M"
"M3_B_V1_2015",19,"m","M3","B","V1","2015",6,1,"M"
"M3_B_V1_2015",20,"m","M3","B","V1","2015",1,1,"M"
"M3_B_V1_2015",21,"m","M3","B","V1","2015",4,0,"M"
"M3_B_V2_2015",15,"f","M3","B","V2","2015",2,1,"M"
"M3_B_V2_2015",16,"f","M3","B","V2","2015",6,1,"M"
"M3_B_V2_2015",17,"f","M3","B","V2","2015",29,1,"M"
"M3_B_V2_2015",18,"f","M3","B","V2","2015",12,1,"M"
"M3_B_V2_2015",19,"f","M3","B","V2","2015",1,1,"M"
"M3_B_V2_2015",21,"f","M3","B","V2","2015",5,0,"M"
"M3_B_V2_2015",16,"m","M3","B","V2","2015",9,1,"M"
"M3_B_V2_2015",17,"m","M3","B","V2","2015",19,1,"M"
"M3_B_V2_2015",18,"m","M3","B","V2","2015",11,1,"M"
"M3_B_V2_2015",21,"m","M3","B","V2","2015",6,0,"M"
"M3_B_V3_2015",15,"f","M3","B","V3","2015",1,1,"M"
"M3_B_V3_2015",16,"f","M3","B","V3","2015",16,1,"M"
"M3_B_V3_2015",17,"f","M3","B","V3","2015",25,1,"M"
"M3_B_V3_2015",18,"f","M3","B","V3","2015",5,1,"M"
"M3_B_V3_2015",21,"f","M3","B","V3","2015",1,0,"M"
"M3_B_V3_2015",16,"m","M3","B","V3","2015",7,1,"M"
"M3_B_V3_2015",17,"m","M3","B","V3","2015",31,1,"M"
"M3_B_V3_2015",18,"m","M3","B","V3","2015",13,1,"M"
"M3_B_V3_2015",21,"m","M3","B","V3","2015",1,0,"M"
"M3_B_V4_2015",16,"f","M3","B","V4","2015",3,1,"M"
"M3_B_V4_2015",17,"f","M3","B","V4","2015",28,1,"M"
"M3_B_V4_2015",18,"f","M3","B","V4","2015",11,1,"M"
"M3_B_V4_2015",19,"f","M3","B","V4","2015",1,1,"M"
"M3_B_V4_2015",20,"f","M3","B","V4","2015",1,1,"M"
"M3_B_V4_2015",21,"f","M3","B","V4","2015",7,0,"M"
"M3_B_V4_2015",16,"m","M3","B","V4","2015",5,1,"M"
"M3_B_V4_2015",17,"m","M3","B","V4","2015",20,1,"M"
"M3_B_V4_2015",18,"m","M3","B","V4","2015",16,1,"M"
"M3_B_V4_2015",19,"m","M3","B","V4","2015",1,1,"M"
"M3_B_V4_2015",21,"m","M3","B","V4","2015",7,0,"M"
"M3_B_V5_2015",15,"f","M3","B","V5","2015",3,1,"M"
"M3_B_V5_2015",16,"f","M3","B","V5","2015",25,1,"M"
"M3_B_V5_2015",17,"f","M3","B","V5","2015",22,1,"M"
"M3_B_V5_2015",18,"f","M3","B","V5","2015",4,1,"M"
"M3_B_V5_2015",21,"f","M3","B","V5","2015",4,0,"M"
"M3_B_V5_2015",16,"m","M3","B","V5","2015",10,1,"M"
"M3_B_V5_2015",17,"m","M3","B","V5","2015",27,1,"M"
"M3_B_V5_2015",18,"m","M3","B","V5","2015",1,1,"M"
"M3_B_V5_2015",21,"m","M3","B","V5","2015",4,0,"M"
"M3_B_V6_2015",15,"f","M3","B","V6","2015",1,1,"M"
"M3_B_V6_2015",16,"f","M3","B","V6","2015",11,1,"M"
"M3_B_V6_2015",17,"f","M3","B","V6","2015",27,1,"M"
"M3_B_V6_2015",18,"f","M3","B","V6","2015",7,1,"M"
"M3_B_V6_2015",19,"f","M3","B","V6","2015",1,1,"M"
"M3_B_V6_2015",21,"f","M3","B","V6","2015",1,1,"M"
"M3_B_V6_2015",21,"f","M3","B","V6","2015",3,0,"M"
"M3_B_V6_2015",16,"m","M3","B","V6","2015",3,1,"M"
"M3_B_V6_2015",17,"m","M3","B","V6","2015",25,1,"M"
"M3_B_V6_2015",18,"m","M3","B","V6","2015",15,1,"M"
"M3_B_V6_2015",19,"m","M3","B","V6","2015",1,1,"M"
"M3_B_V6_2015",20,"m","M3","B","V6","2015",1,1,"M"
"M3_B_V6_2015",21,"m","M3","B","V6","2015",4,0,"M"
"M3_C_V1_2015",14,"f","M3","C","V1","2015",1,1,"M"
"M3_C_V1_2015",15,"f","M3","C","V1","2015",23,1,"M"
"M3_C_V1_2015",16,"f","M3","C","V1","2015",26,1,"M"
"M3_C_V1_2015",17,"f","M3","C","V1","2015",4,1,"M"
"M3_C_V1_2015",21,"f","M3","C","V1","2015",3,0,"M"
"M3_C_V1_2015",14,"m","M3","C","V1","2015",1,1,"M"
"M3_C_V1_2015",15,"m","M3","C","V1","2015",17,1,"M"
"M3_C_V1_2015",16,"m","M3","C","V1","2015",19,1,"M"
"M3_C_V1_2015",17,"m","M3","C","V1","2015",3,1,"M"
"M3_C_V1_2015",21,"m","M3","C","V1","2015",3,0,"M"
"M3_C_V2_2015",14,"f","M3","C","V2","2015",1,1,"M"
"M3_C_V2_2015",15,"f","M3","C","V2","2015",17,1,"M"
"M3_C_V2_2015",16,"f","M3","C","V2","2015",22,1,"M"
"M3_C_V2_2015",17,"f","M3","C","V2","2015",3,1,"M"
"M3_C_V2_2015",21,"f","M3","C","V2","2015",4,0,"M"
"M3_C_V2_2015",15,"m","M3","C","V2","2015",6,1,"M"
"M3_C_V2_2015",16,"m","M3","C","V2","2015",32,1,"M"
"M3_C_V2_2015",17,"m","M3","C","V2","2015",9,1,"M"
"M3_C_V2_2015",18,"m","M3","C","V2","2015",1,1,"M"
"M3_C_V2_2015",21,"m","M3","C","V2","2015",5,0,"M"
"M3_C_V3_2015",13,"f","M3","C","V3","2015",5,1,"M"
"M3_C_V3_2015",14,"f","M3","C","V3","2015",21,1,"M"
"M3_C_V3_2015",15,"f","M3","C","V3","2015",13,1,"M"
"M3_C_V3_2015",16,"f","M3","C","V3","2015",3,1,"M"
"M3_C_V3_2015",17,"f","M3","C","V3","2015",1,1,"M"
"M3_C_V3_2015",21,"f","M3","C","V3","2015",7,0,"M"
"M3_C_V3_2015",13,"m","M3","C","V3","2015",5,1,"M"
"M3_C_V3_2015",14,"m","M3","C","V3","2015",13,1,"M"
"M3_C_V3_2015",15,"m","M3","C","V3","2015",12,1,"M"
"M3_C_V3_2015",16,"m","M3","C","V3","2015",12,1,"M"
"M3_C_V3_2015",17,"m","M3","C","V3","2015",1,1,"M"
"M3_C_V3_2015",21,"m","M3","C","V3","2015",7,0,"M"
"M3_C_V4_2015",15,"f","M3","C","V4","2015",8,1,"M"
"M3_C_V4_2015",16,"f","M3","C","V4","2015",32,1,"M"
"M3_C_V4_2015",17,"f","M3","C","V4","2015",4,1,"M"
"M3_C_V4_2015",21,"f","M3","C","V4","2015",5,0,"M"
"M3_C_V4_2015",15,"m","M3","C","V4","2015",7,1,"M"
"M3_C_V4_2015",16,"m","M3","C","V4","2015",32,1,"M"
"M3_C_V4_2015",17,"m","M3","C","V4","2015",4,1,"M"
"M3_C_V4_2015",18,"m","M3","C","V4","2015",3,1,"M"
"M3_C_V4_2015",21,"m","M3","C","V4","2015",5,0,"M"
"M3_C_V5_2015",15,"f","M3","C","V5","2015",23,1,"M"
"M3_C_V5_2015",16,"f","M3","C","V5","2015",32,1,"M"
"M3_C_V5_2015",17,"f","M3","C","V5","2015",1,1,"M"
"M3_C_V5_2015",21,"f","M3","C","V5","2015",1,0,"M"
"M3_C_V5_2015",15,"m","M3","C","V5","2015",14,1,"M"
"M3_C_V5_2015",16,"m","M3","C","V5","2015",26,1,"M"
"M3_C_V5_2015",17,"m","M3","C","V5","2015",2,1,"M"
"M3_C_V5_2015",21,"m","M3","C","V5","2015",1,0,"M"
"M3_C_V6_2015",14,"f","M3","C","V6","2015",1,1,"M"
"M3_C_V6_2015",15,"f","M3","C","V6","2015",14,1,"M"
"M3_C_V6_2015",16,"f","M3","C","V6","2015",36,1,"M"
"M3_C_V6_2015",17,"f","M3","C","V6","2015",3,1,"M"
"M3_C_V6_2015",20,"f","M3","C","V6","2015",1,1,"M"
"M3_C_V6_2015",21,"f","M3","C","V6","2015",1,0,"M"
"M3_C_V6_2015",15,"m","M3","C","V6","2015",8,1,"M"
"M3_C_V6_2015",16,"m","M3","C","V6","2015",26,1,"M"
"M3_C_V6_2015",17,"m","M3","C","V6","2015",7,1,"M"
"M3_C_V6_2015",18,"m","M3","C","V6","2015",1,1,"M"
"M3_C_V6_2015",21,"m","M3","C","V6","2015",2,0,"M"
"M4_A_V1_2015",15,"f","M4","A","V1","2015",8,1,"M"
"M4_A_V1_2015",16,"f","M4","A","V1","2015",8,1,"M"
"M4_A_V1_2015",17,"f","M4","A","V1","2015",8,1,"M"
"M4_A_V1_2015",21,"f","M4","A","V1","2015",22,0,"M"
"M4_A_V1_2015",15,"m","M4","A","V1","2015",3,1,"M"
"M4_A_V1_2015",16,"m","M4","A","V1","2015",14,1,"M"
"M4_A_V1_2015",17,"m","M4","A","V1","2015",13,1,"M"
"M4_A_V1_2015",21,"m","M4","A","V1","2015",24,0,"M"
"M4_A_V2_2015",14,"f","M4","A","V2","2015",6,1,"M"
"M4_A_V2_2015",15,"f","M4","A","V2","2015",20,1,"M"
"M4_A_V2_2015",16,"f","M4","A","V2","2015",15,1,"M"
"M4_A_V2_2015",21,"f","M4","A","V2","2015",8,0,"M"
"M4_A_V2_2015",14,"m","M4","A","V2","2015",1,1,"M"
"M4_A_V2_2015",15,"m","M4","A","V2","2015",21,1,"M"
"M4_A_V2_2015",16,"m","M4","A","V2","2015",16,1,"M"
"M4_A_V2_2015",17,"m","M4","A","V2","2015",3,1,"M"
"M4_A_V2_2015",21,"m","M4","A","V2","2015",10,0,"M"
"M4_A_V3_2015",15,"f","M4","A","V3","2015",14,1,"M"
"M4_A_V3_2015",16,"f","M4","A","V3","2015",19,1,"M"
"M4_A_V3_2015",17,"f","M4","A","V3","2015",6,1,"M"
"M4_A_V3_2015",21,"f","M4","A","V3","2015",8,0,"M"
"M4_A_V3_2015",15,"m","M4","A","V3","2015",3,1,"M"
"M4_A_V3_2015",16,"m","M4","A","V3","2015",32,1,"M"
"M4_A_V3_2015",17,"m","M4","A","V3","2015",9,1,"M"
"M4_A_V3_2015",21,"m","M4","A","V3","2015",9,0,"M"
"M4_A_V4_2015",15,"f","M4","A","V4","2015",11,1,"M"
"M4_A_V4_2015",16,"f","M4","A","V4","2015",32,1,"M"
"M4_A_V4_2015",17,"f","M4","A","V4","2015",3,1,"M"
"M4_A_V4_2015",21,"f","M4","A","V4","2015",3,0,"M"
"M4_A_V4_2015",15,"m","M4","A","V4","2015",4,1,"M"
"M4_A_V4_2015",16,"m","M4","A","V4","2015",29,1,"M"
"M4_A_V4_2015",17,"m","M4","A","V4","2015",13,1,"M"
"M4_A_V4_2015",18,"m","M4","A","V4","2015",1,1,"M"
"M4_A_V4_2015",21,"m","M4","A","V4","2015",4,0,"M"
"M4_A_V5_2015",15,"f","M4","A","V5","2015",10,1,"M"
"M4_A_V5_2015",16,"f","M4","A","V5","2015",23,1,"M"
"M4_A_V5_2015",17,"f","M4","A","V5","2015",8,1,"M"
"M4_A_V5_2015",18,"f","M4","A","V5","2015",1,1,"M"
"M4_A_V5_2015",21,"f","M4","A","V5","2015",5,0,"M"
"M4_A_V5_2015",15,"m","M4","A","V5","2015",1,1,"M"
"M4_A_V5_2015",16,"m","M4","A","V5","2015",32,1,"M"
"M4_A_V5_2015",17,"m","M4","A","V5","2015",15,1,"M"
"M4_A_V5_2015",21,"m","M4","A","V5","2015",5,0,"M"
"M4_A_V6_2015",14,"f","M4","A","V6","2015",1,1,"M"
"M4_A_V6_2015",15,"f","M4","A","V6","2015",29,1,"M"
"M4_A_V6_2015",16,"f","M4","A","V6","2015",12,1,"M"
"M4_A_V6_2015",17,"f","M4","A","V6","2015",1,1,"M"
"M4_A_V6_2015",21,"f","M4","A","V6","2015",14,0,"M"
"M4_A_V6_2015",15,"m","M4","A","V6","2015",12,1,"M"
"M4_A_V6_2015",16,"m","M4","A","V6","2015",15,1,"M"
"M4_A_V6_2015",17,"m","M4","A","V6","2015",1,1,"M"
"M4_A_V6_2015",21,"m","M4","A","V6","2015",15,0,"M"
"M4_B_V1_2015",15,"f","M4","B","V1","2015",4,1,"M"
"M4_B_V1_2015",16,"f","M4","B","V1","2015",13,1,"M"
"M4_B_V1_2015",17,"f","M4","B","V1","2015",5,1,"M"
"M4_B_V1_2015",19,"f","M4","B","V1","2015",1,1,"M"
"M4_B_V1_2015",21,"f","M4","B","V1","2015",23,0,"M"
"M4_B_V1_2015",15,"m","M4","B","V1","2015",2,1,"M"
"M4_B_V1_2015",16,"m","M4","B","V1","2015",22,1,"M"
"M4_B_V1_2015",17,"m","M4","B","V1","2015",3,1,"M"
"M4_B_V1_2015",21,"m","M4","B","V1","2015",27,0,"M"
"M4_B_V2_2015",15,"f","M4","B","V2","2015",6,1,"M"
"M4_B_V2_2015",16,"f","M4","B","V2","2015",28,1,"M"
"M4_B_V2_2015",17,"f","M4","B","V2","2015",11,1,"M"
"M4_B_V2_2015",21,"f","M4","B","V2","2015",7,0,"M"
"M4_B_V2_2015",16,"m","M4","B","V2","2015",25,1,"M"
"M4_B_V2_2015",17,"m","M4","B","V2","2015",13,1,"M"
"M4_B_V2_2015",18,"m","M4","B","V2","2015",1,1,"M"
"M4_B_V2_2015",21,"m","M4","B","V2","2015",9,0,"M"
"M4_B_V3_2015",15,"f","M4","B","V3","2015",10,1,"M"
"M4_B_V3_2015",16,"f","M4","B","V3","2015",25,1,"M"
"M4_B_V3_2015",17,"f","M4","B","V3","2015",6,1,"M"
"M4_B_V3_2015",21,"f","M4","B","V3","2015",8,0,"M"
"M4_B_V3_2015",16,"m","M4","B","V3","2015",26,1,"M"
"M4_B_V3_2015",17,"m","M4","B","V3","2015",16,1,"M"
"M4_B_V3_2015",21,"m","M4","B","V3","2015",9,0,"M"
"M4_B_V4_2015",16,"f","M4","B","V4","2015",16,1,"M"
"M4_B_V4_2015",17,"f","M4","B","V4","2015",19,1,"M"
"M4_B_V4_2015",18,"f","M4","B","V4","2015",1,1,"M"
"M4_B_V4_2015",21,"f","M4","B","V4","2015",11,0,"M"
"M4_B_V4_2015",16,"m","M4","B","V4","2015",13,1,"M"
"M4_B_V4_2015",17,"m","M4","B","V4","2015",27,1,"M"
"M4_B_V4_2015",21,"m","M4","B","V4","2015",13,0,"M"
"M4_B_V5_2015",15,"f","M4","B","V5","2015",8,1,"M"
"M4_B_V5_2015",16,"f","M4","B","V5","2015",23,1,"M"
"M4_B_V5_2015",17,"f","M4","B","V5","2015",3,1,"M"
"M4_B_V5_2015",18,"f","M4","B","V5","2015",1,1,"M"
"M4_B_V5_2015",21,"f","M4","B","V5","2015",9,0,"M"
"M4_B_V5_2015",16,"m","M4","B","V5","2015",33,1,"M"
"M4_B_V5_2015",17,"m","M4","B","V5","2015",12,1,"M"
"M4_B_V5_2015",21,"m","M4","B","V5","2015",11,0,"M"
"M4_B_V6_2015",15,"f","M4","B","V6","2015",5,1,"M"
"M4_B_V6_2015",16,"f","M4","B","V6","2015",31,1,"M"
"M4_B_V6_2015",17,"f","M4","B","V6","2015",6,1,"M"
"M4_B_V6_2015",21,"f","M4","B","V6","2015",8,0,"M"
"M4_B_V6_2015",16,"m","M4","B","V6","2015",21,1,"M"
"M4_B_V6_2015",17,"m","M4","B","V6","2015",19,1,"M"
"M4_B_V6_2015",21,"m","M4","B","V6","2015",10,0,"M"
"M4_C_V1_2015",14,"f","M4","C","V1","2015",6,1,"M"
"M4_C_V1_2015",15,"f","M4","C","V1","2015",36,1,"M"
"M4_C_V1_2015",16,"f","M4","C","V1","2015",11,1,"M"
"M4_C_V1_2015",21,"f","M4","C","V1","2015",7,0,"M"
"M4_C_V1_2015",15,"m","M4","C","V1","2015",24,1,"M"
"M4_C_V1_2015",16,"m","M4","C","V1","2015",8,1,"M"
"M4_C_V1_2015",21,"m","M4","C","V1","2015",8,0,"M"
"M4_C_V2_2015",13,"f","M4","C","V2","2015",5,1,"M"
"M4_C_V2_2015",14,"f","M4","C","V2","2015",17,1,"M"
"M4_C_V2_2015",15,"f","M4","C","V2","2015",13,1,"M"
"M4_C_V2_2015",16,"f","M4","C","V2","2015",2,1,"M"
"M4_C_V2_2015",21,"f","M4","C","V2","2015",7,0,"M"
"M4_C_V2_2015",13,"m","M4","C","V2","2015",4,1,"M"
"M4_C_V2_2015",14,"m","M4","C","V2","2015",28,1,"M"
"M4_C_V2_2015",15,"m","M4","C","V2","2015",14,1,"M"
"M4_C_V2_2015",16,"m","M4","C","V2","2015",2,1,"M"
"M4_C_V2_2015",21,"m","M4","C","V2","2015",8,0,"M"
"M4_C_V3_2015",14,"f","M4","C","V3","2015",10,1,"M"
"M4_C_V3_2015",15,"f","M4","C","V3","2015",26,1,"M"
"M4_C_V3_2015",16,"f","M4","C","V3","2015",5,1,"M"
"M4_C_V3_2015",21,"f","M4","C","V3","2015",11,0,"M"
"M4_C_V3_2015",14,"m","M4","C","V3","2015",7,1,"M"
"M4_C_V3_2015",15,"m","M4","C","V3","2015",18,1,"M"
"M4_C_V3_2015",16,"m","M4","C","V3","2015",10,1,"M"
"M4_C_V3_2015",21,"m","M4","C","V3","2015",13,0,"M"
"M4_C_V4_2015",14,"f","M4","C","V4","2015",6,1,"M"
"M4_C_V4_2015",15,"f","M4","C","V4","2015",11,1,"M"
"M4_C_V4_2015",16,"f","M4","C","V4","2015",7,1,"M"
"M4_C_V4_2015",18,"f","M4","C","V4","2015",1,1,"M"
"M4_C_V4_2015",21,"f","M4","C","V4","2015",15,0,"M"
"M4_C_V4_2015",15,"m","M4","C","V4","2015",18,1,"M"
"M4_C_V4_2015",16,"m","M4","C","V4","2015",23,1,"M"
"M4_C_V4_2015",17,"m","M4","C","V4","2015",1,1,"M"
"M4_C_V4_2015",21,"m","M4","C","V4","2015",18,0,"M"
"M4_C_V5_2015",14,"f","M4","C","V5","2015",6,1,"M"
"M4_C_V5_2015",15,"f","M4","C","V5","2015",28,1,"M"
"M4_C_V5_2015",16,"f","M4","C","V5","2015",5,1,"M"
"M4_C_V5_2015",17,"f","M4","C","V5","2015",1,1,"M"
"M4_C_V5_2015",21,"f","M4","C","V5","2015",7,0,"M"
"M4_C_V5_2015",13,"m","M4","C","V5","2015",3,1,"M"
"M4_C_V5_2015",14,"m","M4","C","V5","2015",27,1,"M"
"M4_C_V5_2015",15,"m","M4","C","V5","2015",11,1,"M"
"M4_C_V5_2015",16,"m","M4","C","V5","2015",3,1,"M"
"M4_C_V5_2015",21,"m","M4","C","V5","2015",9,0,"M"
"M4_C_V6_2015",14,"f","M4","C","V6","2015",6,1,"M"
"M4_C_V6_2015",15,"f","M4","C","V6","2015",32,1,"M"
"M4_C_V6_2015",16,"f","M4","C","V6","2015",14,1,"M"
"M4_C_V6_2015",17,"f","M4","C","V6","2015",2,1,"M"
"M4_C_V6_2015",18,"f","M4","C","V6","2015",1,1,"M"
"M4_C_V6_2015",21,"f","M4","C","V6","2015",4,0,"M"
"M4_C_V6_2015",14,"m","M4","C","V6","2015",1,1,"M"
"M4_C_V6_2015",15,"m","M4","C","V6","2015",26,1,"M"
"M4_C_V6_2015",16,"m","M4","C","V6","2015",9,1,"M"
"M4_C_V6_2015",21,"m","M4","C","V6","2015",5,0,"M"
"P1_A_V1_2015",16,"f","P1","A","V1","2015",14,1,"P"
"P1_A_V1_2015",17,"f","P1","A","V1","2015",21,1,"P"
"P1_A_V1_2015",18,"f","P1","A","V1","2015",13,1,"P"
"P1_A_V1_2015",19,"f","P1","A","V1","2015",1,1,"P"
"P1_A_V1_2015",20,"f","P1","A","V1","2015",1,1,"P"
"P1_A_V1_2015",21,"f","P1","A","V1","2015",9,0,"P"
"P1_A_V1_2015",16,"m","P1","A","V1","2015",4,1,"P"
"P1_A_V1_2015",17,"m","P1","A","V1","2015",11,1,"P"
"P1_A_V1_2015",18,"m","P1","A","V1","2015",14,1,"P"
"P1_A_V1_2015",19,"m","P1","A","V1","2015",1,1,"P"
"P1_A_V1_2015",21,"m","P1","A","V1","2015",11,0,"P"
"P1_A_V2_2015",15,"f","P1","A","V2","2015",1,1,"P"
"P1_A_V2_2015",16,"f","P1","A","V2","2015",6,1,"P"
"P1_A_V2_2015",17,"f","P1","A","V2","2015",19,1,"P"
"P1_A_V2_2015",18,"f","P1","A","V2","2015",17,1,"P"
"P1_A_V2_2015",19,"f","P1","A","V2","2015",1,1,"P"
"P1_A_V2_2015",20,"f","P1","A","V2","2015",1,1,"P"
"P1_A_V2_2015",21,"f","P1","A","V2","2015",11,0,"P"
"P1_A_V2_2015",16,"m","P1","A","V2","2015",4,1,"P"
"P1_A_V2_2015",17,"m","P1","A","V2","2015",8,1,"P"
"P1_A_V2_2015",18,"m","P1","A","V2","2015",20,1,"P"
"P1_A_V2_2015",21,"m","P1","A","V2","2015",12,0,"P"
"P1_A_V3_2015",16,"f","P1","A","V3","2015",9,1,"P"
"P1_A_V3_2015",17,"f","P1","A","V3","2015",33,1,"P"
"P1_A_V3_2015",18,"f","P1","A","V3","2015",4,1,"P"
"P1_A_V3_2015",21,"f","P1","A","V3","2015",8,0,"P"
"P1_A_V3_2015",16,"m","P1","A","V3","2015",3,1,"P"
"P1_A_V3_2015",17,"m","P1","A","V3","2015",27,1,"P"
"P1_A_V3_2015",18,"m","P1","A","V3","2015",7,1,"P"
"P1_A_V3_2015",21,"m","P1","A","V3","2015",9,0,"P"
"P1_A_V4_2015",13,"f","P1","A","V4","2015",1,1,"P"
"P1_A_V4_2015",14,"f","P1","A","V4","2015",4,1,"P"
"P1_A_V4_2015",15,"f","P1","A","V4","2015",12,1,"P"
"P1_A_V4_2015",16,"f","P1","A","V4","2015",8,1,"P"
"P1_A_V4_2015",17,"f","P1","A","V4","2015",6,1,"P"
"P1_A_V4_2015",18,"f","P1","A","V4","2015",1,1,"P"
"P1_A_V4_2015",21,"f","P1","A","V4","2015",22,0,"P"
"P1_A_V4_2015",15,"m","P1","A","V4","2015",4,1,"P"
"P1_A_V4_2015",16,"m","P1","A","V4","2015",13,1,"P"
"P1_A_V4_2015",17,"m","P1","A","V4","2015",2,1,"P"
"P1_A_V4_2015",18,"m","P1","A","V4","2015",1,1,"P"
"P1_A_V4_2015",21,"m","P1","A","V4","2015",26,0,"P"
"P1_A_V5_2015",14,"f","P1","A","V5","2015",3,1,"P"
"P1_A_V5_2015",16,"f","P1","A","V5","2015",15,1,"P"
"P1_A_V5_2015",17,"f","P1","A","V5","2015",21,1,"P"
"P1_A_V5_2015",20,"f","P1","A","V5","2015",1,1,"P"
"P1_A_V5_2015",21,"f","P1","A","V5","2015",18,0,"P"
"P1_A_V5_2015",15,"m","P1","A","V5","2015",2,1,"P"
"P1_A_V5_2015",16,"m","P1","A","V5","2015",3,1,"P"
"P1_A_V5_2015",17,"m","P1","A","V5","2015",17,1,"P"
"P1_A_V5_2015",21,"m","P1","A","V5","2015",20,0,"P"
"P1_A_V6_2015",14,"f","P1","A","V6","2015",3,1,"P"
"P1_A_V6_2015",15,"f","P1","A","V6","2015",11,1,"P"
"P1_A_V6_2015",16,"f","P1","A","V6","2015",12,1,"P"
"P1_A_V6_2015",17,"f","P1","A","V6","2015",2,1,"P"
"P1_A_V6_2015",18,"f","P1","A","V6","2015",1,1,"P"
"P1_A_V6_2015",21,"f","P1","A","V6","2015",18,0,"P"
"P1_A_V6_2015",15,"m","P1","A","V6","2015",13,1,"P"
"P1_A_V6_2015",16,"m","P1","A","V6","2015",14,1,"P"
"P1_A_V6_2015",17,"m","P1","A","V6","2015",4,1,"P"
"P1_A_V6_2015",18,"m","P1","A","V6","2015",2,1,"P"
"P1_A_V6_2015",21,"m","P1","A","V6","2015",20,0,"P"
"P1_B_V1_2015",15,"f","P1","B","V1","2015",3,1,"P"
"P1_B_V1_2015",16,"f","P1","B","V1","2015",29,1,"P"
"P1_B_V1_2015",17,"f","P1","B","V1","2015",8,1,"P"
"P1_B_V1_2015",18,"f","P1","B","V1","2015",3,1,"P"
"P1_B_V1_2015",21,"f","P1","B","V1","2015",10,0,"P"
"P1_B_V1_2015",15,"m","P1","B","V1","2015",1,1,"P"
"P1_B_V1_2015",16,"m","P1","B","V1","2015",15,1,"P"
"P1_B_V1_2015",17,"m","P1","B","V1","2015",15,1,"P"
"P1_B_V1_2015",18,"m","P1","B","V1","2015",3,1,"P"
"P1_B_V1_2015",20,"m","P1","B","V1","2015",1,1,"P"
"P1_B_V1_2015",21,"m","P1","B","V1","2015",12,0,"P"
"P1_B_V2_2015",14,"f","P1","B","V2","2015",1,1,"P"
"P1_B_V2_2015",15,"f","P1","B","V2","2015",6,1,"P"
"P1_B_V2_2015",16,"f","P1","B","V2","2015",21,1,"P"
"P1_B_V2_2015",17,"f","P1","B","V2","2015",4,1,"P"
"P1_B_V2_2015",18,"f","P1","B","V2","2015",1,1,"P"
"P1_B_V2_2015",19,"f","P1","B","V2","2015",1,1,"P"
"P1_B_V2_2015",21,"f","P1","B","V2","2015",15,0,"P"
"P1_B_V2_2015",15,"m","P1","B","V2","2015",8,1,"P"
"P1_B_V2_2015",16,"m","P1","B","V2","2015",12,1,"P"
"P1_B_V2_2015",17,"m","P1","B","V2","2015",8,1,"P"
"P1_B_V2_2015",18,"m","P1","B","V2","2015",5,1,"P"
"P1_B_V2_2015",20,"m","P1","B","V2","2015",1,1,"P"
"P1_B_V2_2015",21,"m","P1","B","V2","2015",17,0,"P"
"P1_B_V3_2015",13,"f","P1","B","V3","2015",1,1,"P"
"P1_B_V3_2015",14,"f","P1","B","V3","2015",11,1,"P"
"P1_B_V3_2015",15,"f","P1","B","V3","2015",9,1,"P"
"P1_B_V3_2015",16,"f","P1","B","V3","2015",9,1,"P"
"P1_B_V3_2015",17,"f","P1","B","V3","2015",3,1,"P"
"P1_B_V3_2015",21,"f","P1","B","V3","2015",23,0,"P"
"P1_B_V3_2015",13,"m","P1","B","V3","2015",1,1,"P"
"P1_B_V3_2015",14,"m","P1","B","V3","2015",8,1,"P"
"P1_B_V3_2015",15,"m","P1","B","V3","2015",5,1,"P"
"P1_B_V3_2015",16,"m","P1","B","V3","2015",3,1,"P"
"P1_B_V3_2015",17,"m","P1","B","V3","2015",1,1,"P"
"P1_B_V3_2015",21,"m","P1","B","V3","2015",26,0,"P"
"P1_C_V1_2015",16,"f","P1","C","V1","2015",3,1,"P"
"P1_C_V1_2015",17,"f","P1","C","V1","2015",17,1,"P"
"P1_C_V1_2015",18,"f","P1","C","V1","2015",3,1,"P"
"P1_C_V1_2015",19,"f","P1","C","V1","2015",2,1,"P"
"P1_C_V1_2015",21,"f","P1","C","V1","2015",21,0,"P"
"P1_C_V1_2015",16,"m","P1","C","V1","2015",1,1,"P"
"P1_C_V1_2015",17,"m","P1","C","V1","2015",13,1,"P"
"P1_C_V1_2015",18,"m","P1","C","V1","2015",10,1,"P"
"P1_C_V1_2015",19,"m","P1","C","V1","2015",7,1,"P"
"P1_C_V1_2015",21,"m","P1","C","V1","2015",23,0,"P"
"P1_C_V2_2015",15,"f","P1","C","V2","2015",3,1,"P"
"P1_C_V2_2015",16,"f","P1","C","V2","2015",9,1,"P"
"P1_C_V2_2015",17,"f","P1","C","V2","2015",9,1,"P"
"P1_C_V2_2015",18,"f","P1","C","V2","2015",1,1,"P"
"P1_C_V2_2015",21,"f","P1","C","V2","2015",32,0,"P"
"P1_C_V2_2015",16,"m","P1","C","V2","2015",3,1,"P"
"P1_C_V2_2015",17,"m","P1","C","V2","2015",6,1,"P"
"P1_C_V2_2015",21,"m","P1","C","V2","2015",37,0,"P"
"P1_C_V3_2015",14,"f","P1","C","V3","2015",1,1,"P"
"P1_C_V3_2015",15,"f","P1","C","V3","2015",5,1,"P"
"P1_C_V3_2015",16,"f","P1","C","V3","2015",8,1,"P"
"P1_C_V3_2015",17,"f","P1","C","V3","2015",2,1,"P"
"P1_C_V3_2015",21,"f","P1","C","V3","2015",32,0,"P"
"P1_C_V3_2015",15,"m","P1","C","V3","2015",2,1,"P"
"P1_C_V3_2015",16,"m","P1","C","V3","2015",7,1,"P"
"P1_C_V3_2015",17,"m","P1","C","V3","2015",6,1,"P"
"P1_C_V3_2015",21,"m","P1","C","V3","2015",37,0,"P"
"P1_C_V4_2015",16,"f","P1","C","V4","2015",3,1,"P"
"P1_C_V4_2015",17,"f","P1","C","V4","2015",15,1,"P"
"P1_C_V4_2015",18,"f","P1","C","V4","2015",6,1,"P"
"P1_C_V4_2015",21,"f","P1","C","V4","2015",26,0,"P"
"P1_C_V4_2015",16,"m","P1","C","V4","2015",3,1,"P"
"P1_C_V4_2015",17,"m","P1","C","V4","2015",7,1,"P"
"P1_C_V4_2015",18,"m","P1","C","V4","2015",9,1,"P"
"P1_C_V4_2015",19,"m","P1","C","V4","2015",1,1,"P"
"P1_C_V4_2015",21,"m","P1","C","V4","2015",30,0,"P"
"P1_C_V5_2015",15,"f","P1","C","V5","2015",3,1,"P"
"P1_C_V5_2015",16,"f","P1","C","V5","2015",9,1,"P"
"P1_C_V5_2015",17,"f","P1","C","V5","2015",13,1,"P"
"P1_C_V5_2015",18,"f","P1","C","V5","2015",3,1,"P"
"P1_C_V5_2015",19,"f","P1","C","V5","2015",1,1,"P"
"P1_C_V5_2015",21,"f","P1","C","V5","2015",27,0,"P"
"P1_C_V5_2015",16,"m","P1","C","V5","2015",1,1,"P"
"P1_C_V5_2015",17,"m","P1","C","V5","2015",9,1,"P"
"P1_C_V5_2015",18,"m","P1","C","V5","2015",4,1,"P"
"P1_C_V5_2015",21,"m","P1","C","V5","2015",30,0,"P"
"P1_C_V6_2015",15,"f","P1","C","V6","2015",4,1,"P"
"P1_C_V6_2015",16,"f","P1","C","V6","2015",12,1,"P"
"P1_C_V6_2015",17,"f","P1","C","V6","2015",6,1,"P"
"P1_C_V6_2015",18,"f","P1","C","V6","2015",2,1,"P"
"P1_C_V6_2015",21,"f","P1","C","V6","2015",27,0,"P"
"P1_C_V6_2015",16,"m","P1","C","V6","2015",8,1,"P"
"P1_C_V6_2015",17,"m","P1","C","V6","2015",7,1,"P"
"P1_C_V6_2015",18,"m","P1","C","V6","2015",3,1,"P"
"P1_C_V6_2015",21,"m","P1","C","V6","2015",31,0,"P"
"P1_C_V7_2015",16,"f","P1","C","V7","2015",10,1,"P"
"P1_C_V7_2015",17,"f","P1","C","V7","2015",4,1,"P"
"P1_C_V7_2015",21,"f","P1","C","V7","2015",31,0,"P"
"P1_C_V7_2015",15,"m","P1","C","V7","2015",1,1,"P"
"P1_C_V7_2015",16,"m","P1","C","V7","2015",5,1,"P"
"P1_C_V7_2015",17,"m","P1","C","V7","2015",10,1,"P"
"P1_C_V7_2015",18,"m","P1","C","V7","2015",3,1,"P"
"P1_C_V7_2015",21,"m","P1","C","V7","2015",36,0,"P"
"P1_C_V8_2015",15,"f","P1","C","V8","2015",1,1,"P"
"P1_C_V8_2015",16,"f","P1","C","V8","2015",6,1,"P"
"P1_C_V8_2015",17,"f","P1","C","V8","2015",7,1,"P"
"P1_C_V8_2015",21,"f","P1","C","V8","2015",33,0,"P"
"P1_C_V8_2015",16,"m","P1","C","V8","2015",5,1,"P"
"P1_C_V8_2015",17,"m","P1","C","V8","2015",9,1,"P"
"P1_C_V8_2015",18,"m","P1","C","V8","2015",2,1,"P"
"P1_C_V8_2015",21,"m","P1","C","V8","2015",37,0,"P"
"P1_C_V9_2015",16,"f","P1","C","V9","2015",9,1,"P"
"P1_C_V9_2015",17,"f","P1","C","V9","2015",11,1,"P"
"P1_C_V9_2015",20,"f","P1","C","V9","2015",1,1,"P"
"P1_C_V9_2015",21,"f","P1","C","V9","2015",29,0,"P"
"P1_C_V9_2015",16,"m","P1","C","V9","2015",3,1,"P"
"P1_C_V9_2015",17,"m","P1","C","V9","2015",12,1,"P"
"P1_C_V9_2015",18,"m","P1","C","V9","2015",1,1,"P"
"P1_C_V9_2015",21,"m","P1","C","V9","2015",34,0,"P"
"P2_A_V1_2015",16,"f","P2","A","V1","2015",23,1,"P"
"P2_A_V1_2015",17,"f","P2","A","V1","2015",15,1,"P"
"P2_A_V1_2015",19,"f","P2","A","V1","2015",1,1,"P"
"P2_A_V1_2015",21,"f","P2","A","V1","2015",12,0,"P"
"P2_A_V1_2015",15,"m","P2","A","V1","2015",1,1,"P"
"P2_A_V1_2015",16,"m","P2","A","V1","2015",14,1,"P"
"P2_A_V1_2015",17,"m","P2","A","V1","2015",19,1,"P"
"P2_A_V1_2015",18,"m","P2","A","V1","2015",1,1,"P"
"P2_A_V1_2015",20,"m","P2","A","V1","2015",1,1,"P"
"P2_A_V1_2015",21,"m","P2","A","V1","2015",13,0,"P"
"P2_A_V2_2015",15,"f","P2","A","V2","2015",1,1,"P"
"P2_A_V2_2015",16,"f","P2","A","V2","2015",12,1,"P"
"P2_A_V2_2015",17,"f","P2","A","V2","2015",19,1,"P"
"P2_A_V2_2015",18,"f","P2","A","V2","2015",19,1,"P"
"P2_A_V2_2015",21,"f","P2","A","V2","2015",3,0,"P"
"P2_A_V2_2015",16,"m","P2","A","V2","2015",4,1,"P"
"P2_A_V2_2015",17,"m","P2","A","V2","2015",8,1,"P"
"P2_A_V2_2015",18,"m","P2","A","V2","2015",28,1,"P"
"P2_A_V2_2015",19,"m","P2","A","V2","2015",1,1,"P"
"P2_A_V2_2015",20,"m","P2","A","V2","2015",1,1,"P"
"P2_A_V2_2015",21,"m","P2","A","V2","2015",4,0,"P"
"P2_A_V3_2015",15,"f","P2","A","V3","2015",1,1,"P"
"P2_A_V3_2015",16,"f","P2","A","V3","2015",11,1,"P"
"P2_A_V3_2015",17,"f","P2","A","V3","2015",22,1,"P"
"P2_A_V3_2015",18,"f","P2","A","V3","2015",8,1,"P"
"P2_A_V3_2015",21,"f","P2","A","V3","2015",10,0,"P"
"P2_A_V3_2015",16,"m","P2","A","V3","2015",1,1,"P"
"P2_A_V3_2015",17,"m","P2","A","V3","2015",17,1,"P"
"P2_A_V3_2015",18,"m","P2","A","V3","2015",18,1,"P"
"P2_A_V3_2015",21,"m","P2","A","V3","2015",12,0,"P"
"P2_A_V4_2015",16,"f","P2","A","V4","2015",7,1,"P"
"P2_A_V4_2015",17,"f","P2","A","V4","2015",8,1,"P"
"P2_A_V4_2015",18,"f","P2","A","V4","2015",1,1,"P"
"P2_A_V4_2015",21,"f","P2","A","V4","2015",27,0,"P"
"P2_A_V4_2015",16,"m","P2","A","V4","2015",1,1,"P"
"P2_A_V4_2015",17,"m","P2","A","V4","2015",20,1,"P"
"P2_A_V4_2015",18,"m","P2","A","V4","2015",6,1,"P"
"P2_A_V4_2015",21,"m","P2","A","V4","2015",30,0,"P"
"P2_A_V5_2015",14,"f","P2","A","V5","2015",10,1,"P"
"P2_A_V5_2015",15,"f","P2","A","V5","2015",7,1,"P"
"P2_A_V5_2015",16,"f","P2","A","V5","2015",11,1,"P"
"P2_A_V5_2015",17,"f","P2","A","V5","2015",8,1,"P"
"P2_A_V5_2015",18,"f","P2","A","V5","2015",4,1,"P"
"P2_A_V5_2015",21,"f","P2","A","V5","2015",10,0,"P"
"P2_A_V5_2015",14,"m","P2","A","V5","2015",2,1,"P"
"P2_A_V5_2015",15,"m","P2","A","V5","2015",11,1,"P"
"P2_A_V5_2015",16,"m","P2","A","V5","2015",9,1,"P"
"P2_A_V5_2015",17,"m","P2","A","V5","2015",10,1,"P"
"P2_A_V5_2015",18,"m","P2","A","V5","2015",7,1,"P"
"P2_A_V5_2015",21,"m","P2","A","V5","2015",11,0,"P"
"P2_A_V6_2015",16,"f","P2","A","V6","2015",4,1,"P"
"P2_A_V6_2015",17,"f","P2","A","V6","2015",27,1,"P"
"P2_A_V6_2015",18,"f","P2","A","V6","2015",18,1,"P"
"P2_A_V6_2015",19,"f","P2","A","V6","2015",1,1,"P"
"P2_A_V6_2015",21,"f","P2","A","V6","2015",7,0,"P"
"P2_A_V6_2015",16,"m","P2","A","V6","2015",1,1,"P"
"P2_A_V6_2015",17,"m","P2","A","V6","2015",17,1,"P"
"P2_A_V6_2015",18,"m","P2","A","V6","2015",16,1,"P"
"P2_A_V6_2015",19,"m","P2","A","V6","2015",1,1,"P"
"P2_A_V6_2015",21,"m","P2","A","V6","2015",8,0,"P"
"P2_B_V1_2015",16,"f","P2","B","V1","2015",1,1,"P"
"P2_B_V1_2015",17,"f","P2","B","V1","2015",33,1,"P"
"P2_B_V1_2015",18,"f","P2","B","V1","2015",17,1,"P"
"P2_B_V1_2015",21,"f","P2","B","V1","2015",6,0,"P"
"P2_B_V1_2015",16,"m","P2","B","V1","2015",1,1,"P"
"P2_B_V1_2015",17,"m","P2","B","V1","2015",6,1,"P"
"P2_B_V1_2015",18,"m","P2","B","V1","2015",27,1,"P"
"P2_B_V1_2015",19,"m","P2","B","V1","2015",3,1,"P"
"P2_B_V1_2015",21,"m","P2","B","V1","2015",6,0,"P"
"P2_B_V2_2015",16,"f","P2","B","V2","2015",15,1,"P"
"P2_B_V2_2015",17,"f","P2","B","V2","2015",24,1,"P"
"P2_B_V2_2015",18,"f","P2","B","V2","2015",4,1,"P"
"P2_B_V2_2015",21,"f","P2","B","V2","2015",5,0,"P"
"P2_B_V2_2015",16,"m","P2","B","V2","2015",7,1,"P"
"P2_B_V2_2015",17,"m","P2","B","V2","2015",24,1,"P"
"P2_B_V2_2015",18,"m","P2","B","V2","2015",14,1,"P"
"P2_B_V2_2015",20,"m","P2","B","V2","2015",1,1,"P"
"P2_B_V2_2015",21,"m","P2","B","V2","2015",6,0,"P"
"P2_B_V3_2015",15,"f","P2","B","V3","2015",9,1,"P"
"P2_B_V3_2015",16,"f","P2","B","V3","2015",14,1,"P"
"P2_B_V3_2015",17,"f","P2","B","V3","2015",17,1,"P"
"P2_B_V3_2015",18,"f","P2","B","V3","2015",1,1,"P"
"P2_B_V3_2015",21,"f","P2","B","V3","2015",1,1,"P"
"P2_B_V3_2015",21,"f","P2","B","V3","2015",8,0,"P"
"P2_B_V3_2015",15,"m","P2","B","V3","2015",1,1,"P"
"P2_B_V3_2015",16,"m","P2","B","V3","2015",17,1,"P"
"P2_B_V3_2015",17,"m","P2","B","V3","2015",21,1,"P"
"P2_B_V3_2015",18,"m","P2","B","V3","2015",2,1,"P"
"P2_B_V3_2015",21,"m","P2","B","V3","2015",9,0,"P"
"P2_B_V4_2015",16,"f","P2","B","V4","2015",5,1,"P"
"P2_B_V4_2015",17,"f","P2","B","V4","2015",30,1,"P"
"P2_B_V4_2015",18,"f","P2","B","V4","2015",6,1,"P"
"P2_B_V4_2015",21,"f","P2","B","V4","2015",7,0,"P"
"P2_B_V4_2015",16,"m","P2","B","V4","2015",5,1,"P"
"P2_B_V4_2015",17,"m","P2","B","V4","2015",27,1,"P"
"P2_B_V4_2015",18,"m","P2","B","V4","2015",12,1,"P"
"P2_B_V4_2015",21,"m","P2","B","V4","2015",8,0,"P"
"P2_B_V5_2015",15,"f","P2","B","V5","2015",1,1,"P"
"P2_B_V5_2015",16,"f","P2","B","V5","2015",5,1,"P"
"P2_B_V5_2015",17,"f","P2","B","V5","2015",31,1,"P"
"P2_B_V5_2015",18,"f","P2","B","V5","2015",17,1,"P"
"P2_B_V5_2015",21,"f","P2","B","V5","2015",0,0,"P"
"P2_B_V5_2015",16,"m","P2","B","V5","2015",3,1,"P"
"P2_B_V5_2015",17,"m","P2","B","V5","2015",20,1,"P"
"P2_B_V5_2015",18,"m","P2","B","V5","2015",21,1,"P"
"P2_B_V5_2015",19,"m","P2","B","V5","2015",3,1,"P"
"P2_B_V5_2015",21,"m","P2","B","V5","2015",-1,0,"P"
"P2_B_V6_2015",15,"f","P2","B","V6","2015",1,1,"P"
"P2_B_V6_2015",16,"f","P2","B","V6","2015",2,1,"P"
"P2_B_V6_2015",17,"f","P2","B","V6","2015",25,1,"P"
"P2_B_V6_2015",18,"f","P2","B","V6","2015",14,1,"P"
"P2_B_V6_2015",21,"f","P2","B","V6","2015",6,0,"P"
"P2_B_V6_2015",16,"m","P2","B","V6","2015",2,1,"P"
"P2_B_V6_2015",17,"m","P2","B","V6","2015",16,1,"P"
"P2_B_V6_2015",18,"m","P2","B","V6","2015",27,1,"P"
"P2_B_V6_2015",21,"m","P2","B","V6","2015",7,0,"P"
"P2_C_V1_2015",17,"f","P2","C","V1","2015",13,1,"P"
"P2_C_V1_2015",18,"f","P2","C","V1","2015",25,1,"P"
"P2_C_V1_2015",19,"f","P2","C","V1","2015",5,1,"P"
"P2_C_V1_2015",21,"f","P2","C","V1","2015",4,0,"P"
"P2_C_V1_2015",17,"m","P2","C","V1","2015",5,1,"P"
"P2_C_V1_2015",18,"m","P2","C","V1","2015",29,1,"P"
"P2_C_V1_2015",19,"m","P2","C","V1","2015",12,1,"P"
"P2_C_V1_2015",20,"m","P2","C","V1","2015",2,1,"P"
"P2_C_V1_2015",21,"m","P2","C","V1","2015",5,0,"P"
"P2_C_V2_2015",16,"f","P2","C","V2","2015",1,1,"P"
"P2_C_V2_2015",17,"f","P2","C","V2","2015",10,1,"P"
"P2_C_V2_2015",18,"f","P2","C","V2","2015",34,1,"P"
"P2_C_V2_2015",19,"f","P2","C","V2","2015",5,1,"P"
"P2_C_V2_2015",20,"f","P2","C","V2","2015",1,1,"P"
"P2_C_V2_2015",21,"f","P2","C","V2","2015",4,0,"P"
"P2_C_V2_2015",17,"m","P2","C","V2","2015",3,1,"P"
"P2_C_V2_2015",18,"m","P2","C","V2","2015",30,1,"P"
"P2_C_V2_2015",19,"m","P2","C","V2","2015",7,1,"P"
"P2_C_V2_2015",21,"m","P2","C","V2","2015",5,0,"P"
"P2_C_V3_2015",15,"f","P2","C","V3","2015",4,1,"P"
"P2_C_V3_2015",16,"f","P2","C","V3","2015",6,1,"P"
"P2_C_V3_2015",17,"f","P2","C","V3","2015",9,1,"P"
"P2_C_V3_2015",18,"f","P2","C","V3","2015",13,1,"P"
"P2_C_V3_2015",19,"f","P2","C","V3","2015",7,1,"P"
"P2_C_V3_2015",21,"f","P2","C","V3","2015",1,1,"P"
"P2_C_V3_2015",21,"f","P2","C","V3","2015",8,0,"P"
"P2_C_V3_2015",15,"m","P2","C","V3","2015",1,1,"P"
"P2_C_V3_2015",16,"m","P2","C","V3","2015",5,1,"P"
"P2_C_V3_2015",17,"m","P2","C","V3","2015",12,1,"P"
"P2_C_V3_2015",18,"m","P2","C","V3","2015",16,1,"P"
"P2_C_V3_2015",19,"m","P2","C","V3","2015",8,1,"P"
"P2_C_V3_2015",21,"m","P2","C","V3","2015",1,1,"P"
"P2_C_V3_2015",21,"m","P2","C","V3","2015",9,0,"P"
"P2_C_V4_2015",16,"f","P2","C","V4","2015",7,1,"P"
"P2_C_V4_2015",17,"f","P2","C","V4","2015",19,1,"P"
"P2_C_V4_2015",18,"f","P2","C","V4","2015",12,1,"P"
"P2_C_V4_2015",19,"f","P2","C","V4","2015",2,1,"P"
"P2_C_V4_2015",21,"f","P2","C","V4","2015",10,0,"P"
"P2_C_V4_2015",16,"m","P2","C","V4","2015",1,1,"P"
"P2_C_V4_2015",17,"m","P2","C","V4","2015",20,1,"P"
"P2_C_V4_2015",18,"m","P2","C","V4","2015",15,1,"P"
"P2_C_V4_2015",19,"m","P2","C","V4","2015",2,1,"P"
"P2_C_V4_2015",21,"m","P2","C","V4","2015",12,0,"P"
"P2_C_V5_2015",17,"f","P2","C","V5","2015",11,1,"P"
"P2_C_V5_2015",18,"f","P2","C","V5","2015",21,1,"P"
"P2_C_V5_2015",19,"f","P2","C","V5","2015",8,1,"P"
"P2_C_V5_2015",21,"f","P2","C","V5","2015",0,0,"P"
"P2_C_V5_2015",17,"m","P2","C","V5","2015",8,1,"P"
"P2_C_V5_2015",18,"m","P2","C","V5","2015",28,1,"P"
"P2_C_V5_2015",19,"m","P2","C","V5","2015",23,1,"P"
"P2_C_V5_2015",21,"m","P2","C","V5","2015",1,0,"P"
"P2_C_V6_2015",15,"f","P2","C","V6","2015",1,1,"P"
"P2_C_V6_2015",16,"f","P2","C","V6","2015",13,1,"P"
"P2_C_V6_2015",17,"f","P2","C","V6","2015",23,1,"P"
"P2_C_V6_2015",18,"f","P2","C","V6","2015",10,1,"P"
"P2_C_V6_2015",21,"f","P2","C","V6","2015",7,0,"P"
"P2_C_V6_2015",15,"m","P2","C","V6","2015",2,1,"P"
"P2_C_V6_2015",16,"m","P2","C","V6","2015",9,1,"P"
"P2_C_V6_2015",17,"m","P2","C","V6","2015",12,1,"P"
"P2_C_V6_2015",18,"m","P2","C","V6","2015",12,1,"P"
"P2_C_V6_2015",19,"m","P2","C","V6","2015",3,1,"P"
"P2_C_V6_2015",21,"m","P2","C","V6","2015",8,0,"P"
"P3_A_V1_2015",15,"f","P3","A","V1","2015",2,1,"P"
"P3_A_V1_2015",16,"f","P3","A","V1","2015",1,1,"P"
"P3_A_V1_2015",21,"f","P3","A","V1","2015",44,0,"P"
"P3_A_V1_2015",15,"m","P3","A","V1","2015",1,1,"P"
"P3_A_V1_2015",16,"m","P3","A","V1","2015",1,1,"P"
"P3_A_V1_2015",17,"m","P3","A","V1","2015",1,1,"P"
"P3_A_V1_2015",21,"m","P3","A","V1","2015",50,0,"P"
"P3_A_V2_2015",15,"f","P3","A","V2","2015",2,1,"P"
"P3_A_V2_2015",16,"f","P3","A","V2","2015",3,1,"P"
"P3_A_V2_2015",21,"f","P3","A","V2","2015",41,0,"P"
"P3_A_V2_2015",15,"m","P3","A","V2","2015",1,1,"P"
"P3_A_V2_2015",16,"m","P3","A","V2","2015",6,1,"P"
"P3_A_V2_2015",21,"m","P3","A","V2","2015",47,0,"P"
"P3_A_V3_2015",15,"f","P3","A","V3","2015",3,1,"P"
"P3_A_V3_2015",21,"f","P3","A","V3","2015",42,0,"P"
"P3_A_V3_2015",15,"m","P3","A","V3","2015",5,1,"P"
"P3_A_V3_2015",16,"m","P3","A","V3","2015",2,1,"P"
"P3_A_V3_2015",17,"m","P3","A","V3","2015",1,1,"P"
"P3_A_V3_2015",21,"m","P3","A","V3","2015",47,0,"P"
"P3_A_V4_2015",14,"f","P3","A","V4","2015",6,1,"P"
"P3_A_V4_2015",15,"f","P3","A","V4","2015",8,1,"P"
"P3_A_V4_2015",16,"f","P3","A","V4","2015",6,1,"P"
"P3_A_V4_2015",21,"f","P3","A","V4","2015",23,0,"P"
"P3_A_V4_2015",15,"m","P3","A","V4","2015",9,1,"P"
"P3_A_V4_2015",16,"m","P3","A","V4","2015",17,1,"P"
"P3_A_V4_2015",17,"m","P3","A","V4","2015",4,1,"P"
"P3_A_V4_2015",21,"m","P3","A","V4","2015",27,0,"P"
"P3_A_V5_2015",16,"f","P3","A","V5","2015",11,1,"P"
"P3_A_V5_2015",17,"f","P3","A","V5","2015",1,1,"P"
"P3_A_V5_2015",21,"f","P3","A","V5","2015",1,1,"P"
"P3_A_V5_2015",21,"f","P3","A","V5","2015",34,0,"P"
"P3_A_V5_2015",16,"m","P3","A","V5","2015",10,1,"P"
"P3_A_V5_2015",17,"m","P3","A","V5","2015",4,1,"P"
"P3_A_V5_2015",21,"m","P3","A","V5","2015",39,0,"P"
"P3_A_V6_2015",14,"f","P3","A","V6","2015",1,1,"P"
"P3_A_V6_2015",15,"f","P3","A","V6","2015",4,1,"P"
"P3_A_V6_2015",21,"f","P3","A","V6","2015",40,0,"P"
"P3_A_V6_2015",14,"m","P3","A","V6","2015",2,1,"P"
"P3_A_V6_2015",15,"m","P3","A","V6","2015",6,1,"P"
"P3_A_V6_2015",16,"m","P3","A","V6","2015",2,1,"P"
"P3_A_V6_2015",21,"m","P3","A","V6","2015",45,0,"P"
"P3_B_V1_2015",15,"f","P3","B","V1","2015",1,1,"P"
"P3_B_V1_2015",16,"f","P3","B","V1","2015",8,1,"P"
"P3_B_V1_2015",17,"f","P3","B","V1","2015",15,1,"P"
"P3_B_V1_2015",18,"f","P3","B","V1","2015",1,1,"P"
"P3_B_V1_2015",21,"f","P3","B","V1","2015",22,0,"P"
"P3_B_V1_2015",17,"m","P3","B","V1","2015",19,1,"P"
"P3_B_V1_2015",18,"m","P3","B","V1","2015",8,1,"P"
"P3_B_V1_2015",21,"m","P3","B","V1","2015",26,0,"P"
"P3_B_V2_2015",16,"f","P3","B","V2","2015",9,1,"P"
"P3_B_V2_2015",17,"f","P3","B","V2","2015",22,1,"P"
"P3_B_V2_2015",18,"f","P3","B","V2","2015",1,1,"P"
"P3_B_V2_2015",21,"f","P3","B","V2","2015",20,0,"P"
"P3_B_V2_2015",16,"m","P3","B","V2","2015",1,1,"P"
"P3_B_V2_2015",17,"m","P3","B","V2","2015",18,1,"P"
"P3_B_V2_2015",18,"m","P3","B","V2","2015",5,1,"P"
"P3_B_V2_2015",19,"m","P3","B","V2","2015",1,1,"P"
"P3_B_V2_2015",21,"m","P3","B","V2","2015",23,0,"P"
"P3_B_V3_2015",15,"f","P3","B","V3","2015",6,1,"P"
"P3_B_V3_2015",16,"f","P3","B","V3","2015",5,1,"P"
"P3_B_V3_2015",21,"f","P3","B","V3","2015",37,0,"P"
"P3_B_V3_2015",16,"m","P3","B","V3","2015",9,1,"P"
"P3_B_V3_2015",17,"m","P3","B","V3","2015",1,1,"P"
"P3_B_V3_2015",21,"m","P3","B","V3","2015",42,0,"P"
"P3_B_V4_2015",16,"f","P3","B","V4","2015",9,1,"P"
"P3_B_V4_2015",17,"f","P3","B","V4","2015",11,1,"P"
"P3_B_V4_2015",21,"f","P3","B","V4","2015",28,0,"P"
"P3_B_V4_2015",16,"m","P3","B","V4","2015",3,1,"P"
"P3_B_V4_2015",17,"m","P3","B","V4","2015",13,1,"P"
"P3_B_V4_2015",18,"m","P3","B","V4","2015",4,1,"P"
"P3_B_V4_2015",21,"m","P3","B","V4","2015",32,0,"P"
"P3_B_V5_2015",15,"f","P3","B","V5","2015",4,1,"P"
"P3_B_V5_2015",16,"f","P3","B","V5","2015",10,1,"P"
"P3_B_V5_2015",21,"f","P3","B","V5","2015",32,0,"P"
"P3_B_V5_2015",15,"m","P3","B","V5","2015",1,1,"P"
"P3_B_V5_2015",16,"m","P3","B","V5","2015",11,1,"P"
"P3_B_V5_2015",17,"m","P3","B","V5","2015",5,1,"P"
"P3_B_V5_2015",19,"m","P3","B","V5","2015",1,1,"P"
"P3_B_V5_2015",21,"m","P3","B","V5","2015",36,0,"P"
"P3_B_V6_2015",15,"f","P3","B","V6","2015",1,1,"P"
"P3_B_V6_2015",16,"f","P3","B","V6","2015",6,1,"P"
"P3_B_V6_2015",21,"f","P3","B","V6","2015",36,0,"P"
"P3_B_V6_2015",16,"m","P3","B","V6","2015",10,1,"P"
"P3_B_V6_2015",17,"m","P3","B","V6","2015",5,1,"P"
"P3_B_V6_2015",18,"m","P3","B","V6","2015",2,1,"P"
"P3_B_V6_2015",21,"m","P3","B","V6","2015",40,0,"P"
"P3_C_V1_2015",16,"f","P3","C","V1","2015",6,1,"P"
"P3_C_V1_2015",17,"f","P3","C","V1","2015",15,1,"P"
"P3_C_V1_2015",18,"f","P3","C","V1","2015",13,1,"P"
"P3_C_V1_2015",19,"f","P3","C","V1","2015",5,1,"P"
"P3_C_V1_2015",21,"f","P3","C","V1","2015",7,0,"P"
"P3_C_V1_2015",16,"m","P3","C","V1","2015",4,1,"P"
"P3_C_V1_2015",17,"m","P3","C","V1","2015",15,1,"P"
"P3_C_V1_2015",18,"m","P3","C","V1","2015",15,1,"P"
"P3_C_V1_2015",19,"m","P3","C","V1","2015",11,1,"P"
"P3_C_V1_2015",21,"m","P3","C","V1","2015",9,0,"P"
"P3_C_V2_2015",16,"f","P3","C","V2","2015",4,1,"P"
"P3_C_V2_2015",17,"f","P3","C","V2","2015",17,1,"P"
"P3_C_V2_2015",18,"f","P3","C","V2","2015",19,1,"P"
"P3_C_V2_2015",19,"f","P3","C","V2","2015",3,1,"P"
"P3_C_V2_2015",20,"f","P3","C","V2","2015",1,1,"P"
"P3_C_V2_2015",21,"f","P3","C","V2","2015",5,0,"P"
"P3_C_V2_2015",16,"m","P3","C","V2","2015",2,1,"P"
"P3_C_V2_2015",17,"m","P3","C","V2","2015",9,1,"P"
"P3_C_V2_2015",18,"m","P3","C","V2","2015",28,1,"P"
"P3_C_V2_2015",19,"m","P3","C","V2","2015",7,1,"P"
"P3_C_V2_2015",21,"m","P3","C","V2","2015",5,0,"P"
"P3_C_V3_2015",15,"f","P3","C","V3","2015",1,1,"P"
"P3_C_V3_2015",16,"f","P3","C","V3","2015",2,1,"P"
"P3_C_V3_2015",17,"f","P3","C","V3","2015",18,1,"P"
"P3_C_V3_2015",18,"f","P3","C","V3","2015",13,1,"P"
"P3_C_V3_2015",21,"f","P3","C","V3","2015",17,0,"P"
"P3_C_V3_2015",16,"m","P3","C","V3","2015",2,1,"P"
"P3_C_V3_2015",17,"m","P3","C","V3","2015",9,1,"P"
"P3_C_V3_2015",18,"m","P3","C","V3","2015",16,1,"P"
"P3_C_V3_2015",19,"m","P3","C","V3","2015",3,1,"P"
"P3_C_V3_2015",21,"m","P3","C","V3","2015",19,0,"P"
"P3_C_V4_2015",16,"f","P3","C","V4","2015",1,1,"P"
"P3_C_V4_2015",17,"f","P3","C","V4","2015",10,1,"P"
"P3_C_V4_2015",18,"f","P3","C","V4","2015",10,1,"P"
"P3_C_V4_2015",21,"f","P3","C","V4","2015",25,0,"P"
"P3_C_V4_2015",17,"m","P3","C","V4","2015",4,1,"P"
"P3_C_V4_2015",18,"m","P3","C","V4","2015",20,1,"P"
"P3_C_V4_2015",19,"m","P3","C","V4","2015",1,1,"P"
"P3_C_V4_2015",21,"m","P3","C","V4","2015",29,0,"P"
"P3_C_V5_2015",16,"f","P3","C","V5","2015",2,1,"P"
"P3_C_V5_2015",17,"f","P3","C","V5","2015",8,1,"P"
"P3_C_V5_2015",18,"f","P3","C","V5","2015",18,1,"P"
"P3_C_V5_2015",19,"f","P3","C","V5","2015",3,1,"P"
"P3_C_V5_2015",20,"f","P3","C","V5","2015",1,1,"P"
"P3_C_V5_2015",21,"f","P3","C","V5","2015",13,0,"P"
"P3_C_V5_2015",17,"m","P3","C","V5","2015",4,1,"P"
"P3_C_V5_2015",18,"m","P3","C","V5","2015",23,1,"P"
"P3_C_V5_2015",19,"m","P3","C","V5","2015",14,1,"P"
"P3_C_V5_2015",21,"m","P3","C","V5","2015",14,0,"P"
"P3_C_V6_2015",17,"f","P3","C","V6","2015",4,1,"P"
"P3_C_V6_2015",18,"f","P3","C","V6","2015",31,1,"P"
"P3_C_V6_2015",19,"f","P3","C","V6","2015",17,1,"P"
"P3_C_V6_2015",21,"f","P3","C","V6","2015",3,0,"P"
"P3_C_V6_2015",18,"m","P3","C","V6","2015",14,1,"P"
"P3_C_V6_2015",19,"m","P3","C","V6","2015",25,1,"P"
"P3_C_V6_2015",20,"m","P3","C","V6","2015",1,1,"P"
"P3_C_V6_2015",21,"m","P3","C","V6","2015",1,1,"P"
"P3_C_V6_2015",21,"m","P3","C","V6","2015",4,0,"P"
"P4_A_V1_2015",16,"f","P4","A","V1","2015",6,1,"P"
"P4_A_V1_2015",17,"f","P4","A","V1","2015",26,1,"P"
"P4_A_V1_2015",18,"f","P4","A","V1","2015",21,1,"P"
"P4_A_V1_2015",19,"f","P4","A","V1","2015",1,1,"P"
"P4_A_V1_2015",21,"f","P4","A","V1","2015",7,0,"P"
"P4_A_V1_2015",17,"m","P4","A","V1","2015",8,1,"P"
"P4_A_V1_2015",18,"m","P4","A","V1","2015",20,1,"P"
"P4_A_V1_2015",19,"m","P4","A","V1","2015",2,1,"P"
"P4_A_V1_2015",21,"m","P4","A","V1","2015",9,0,"P"
"P4_A_V2_2015",16,"f","P4","A","V2","2015",6,1,"P"
"P4_A_V2_2015",17,"f","P4","A","V2","2015",21,1,"P"
"P4_A_V2_2015",18,"f","P4","A","V2","2015",11,1,"P"
"P4_A_V2_2015",19,"f","P4","A","V2","2015",1,1,"P"
"P4_A_V2_2015",21,"f","P4","A","V2","2015",8,0,"P"
"P4_A_V2_2015",16,"m","P4","A","V2","2015",1,1,"P"
"P4_A_V2_2015",17,"m","P4","A","V2","2015",16,1,"P"
"P4_A_V2_2015",18,"m","P4","A","V2","2015",22,1,"P"
"P4_A_V2_2015",19,"m","P4","A","V2","2015",4,1,"P"
"P4_A_V2_2015",21,"m","P4","A","V2","2015",10,0,"P"
"P4_A_V3_2015",16,"f","P4","A","V3","2015",2,1,"P"
"P4_A_V3_2015",17,"f","P4","A","V3","2015",24,1,"P"
"P4_A_V3_2015",18,"f","P4","A","V3","2015",32,1,"P"
"P4_A_V3_2015",19,"f","P4","A","V3","2015",5,1,"P"
"P4_A_V3_2015",21,"f","P4","A","V3","2015",0,0,"P"
"P4_A_V3_2015",17,"m","P4","A","V3","2015",9,1,"P"
"P4_A_V3_2015",18,"m","P4","A","V3","2015",23,1,"P"
"P4_A_V3_2015",19,"m","P4","A","V3","2015",4,1,"P"
"P4_A_V3_2015",21,"m","P4","A","V3","2015",1,0,"P"
"P4_A_V4_2015",16,"f","P4","A","V4","2015",6,1,"P"
"P4_A_V4_2015",17,"f","P4","A","V4","2015",21,1,"P"
"P4_A_V4_2015",18,"f","P4","A","V4","2015",18,1,"P"
"P4_A_V4_2015",19,"f","P4","A","V4","2015",2,1,"P"
"P4_A_V4_2015",21,"f","P4","A","V4","2015",5,0,"P"
"P4_A_V4_2015",17,"m","P4","A","V4","2015",18,1,"P"
"P4_A_V4_2015",18,"m","P4","A","V4","2015",22,1,"P"
"P4_A_V4_2015",19,"m","P4","A","V4","2015",3,1,"P"
"P4_A_V4_2015",21,"m","P4","A","V4","2015",5,0,"P"
"P4_A_V5_2015",16,"f","P4","A","V5","2015",11,1,"P"
"P4_A_V5_2015",17,"f","P4","A","V5","2015",24,1,"P"
"P4_A_V5_2015",18,"f","P4","A","V5","2015",11,1,"P"
"P4_A_V5_2015",19,"f","P4","A","V5","2015",1,1,"P"
"P4_A_V5_2015",21,"f","P4","A","V5","2015",6,0,"P"
"P4_A_V5_2015",17,"m","P4","A","V5","2015",18,1,"P"
"P4_A_V5_2015",18,"m","P4","A","V5","2015",23,1,"P"
"P4_A_V5_2015",21,"m","P4","A","V5","2015",6,0,"P"
"P4_A_V6_2015",16,"f","P4","A","V6","2015",8,1,"P"
"P4_A_V6_2015",17,"f","P4","A","V6","2015",27,1,"P"
"P4_A_V6_2015",18,"f","P4","A","V6","2015",11,1,"P"
"P4_A_V6_2015",19,"f","P4","A","V6","2015",1,1,"P"
"P4_A_V6_2015",21,"f","P4","A","V6","2015",11,0,"P"
"P4_A_V6_2015",16,"m","P4","A","V6","2015",2,1,"P"
"P4_A_V6_2015",17,"m","P4","A","V6","2015",13,1,"P"
"P4_A_V6_2015",18,"m","P4","A","V6","2015",14,1,"P"
"P4_A_V6_2015",21,"m","P4","A","V6","2015",13,0,"P"
"P4_B_V1_2015",16,"f","P4","B","V1","2015",7,1,"P"
"P4_B_V1_2015",17,"f","P4","B","V1","2015",30,1,"P"
"P4_B_V1_2015",18,"f","P4","B","V1","2015",22,1,"P"
"P4_B_V1_2015",19,"f","P4","B","V1","2015",2,1,"P"
"P4_B_V1_2015",20,"f","P4","B","V1","2015",1,1,"P"
"P4_B_V1_2015",21,"f","P4","B","V1","2015",2,0,"P"
"P4_B_V1_2015",17,"m","P4","B","V1","2015",14,1,"P"
"P4_B_V1_2015",18,"m","P4","B","V1","2015",17,1,"P"
"P4_B_V1_2015",19,"m","P4","B","V1","2015",1,1,"P"
"P4_B_V1_2015",20,"m","P4","B","V1","2015",1,1,"P"
"P4_B_V1_2015",21,"m","P4","B","V1","2015",3,0,"P"
"P4_B_V2_2015",16,"f","P4","B","V2","2015",2,1,"P"
"P4_B_V2_2015",17,"f","P4","B","V2","2015",20,1,"P"
"P4_B_V2_2015",18,"f","P4","B","V2","2015",26,1,"P"
"P4_B_V2_2015",20,"f","P4","B","V2","2015",1,1,"P"
"P4_B_V2_2015",21,"f","P4","B","V2","2015",1,1,"P"
"P4_B_V2_2015",21,"f","P4","B","V2","2015",3,0,"P"
"P4_B_V2_2015",16,"m","P4","B","V2","2015",1,1,"P"
"P4_B_V2_2015",17,"m","P4","B","V2","2015",10,1,"P"
"P4_B_V2_2015",18,"m","P4","B","V2","2015",28,1,"P"
"P4_B_V2_2015",19,"m","P4","B","V2","2015",4,1,"P"
"P4_B_V2_2015",21,"m","P4","B","V2","2015",4,0,"P"
"P4_B_V3_2015",16,"f","P4","B","V3","2015",5,1,"P"
"P4_B_V3_2015",17,"f","P4","B","V3","2015",25,1,"P"
"P4_B_V3_2015",18,"f","P4","B","V3","2015",14,1,"P"
"P4_B_V3_2015",21,"f","P4","B","V3","2015",4,0,"P"
"P4_B_V3_2015",16,"m","P4","B","V3","2015",1,1,"P"
"P4_B_V3_2015",17,"m","P4","B","V3","2015",20,1,"P"
"P4_B_V3_2015",18,"m","P4","B","V3","2015",22,1,"P"
"P4_B_V3_2015",19,"m","P4","B","V3","2015",3,1,"P"
"P4_B_V3_2015",21,"m","P4","B","V3","2015",2,1,"P"
"P4_B_V3_2015",21,"m","P4","B","V3","2015",4,0,"P"
"P4_B_V4_2015",15,"f","P4","B","V4","2015",1,1,"P"
"P4_B_V4_2015",16,"f","P4","B","V4","2015",6,1,"P"
"P4_B_V4_2015",17,"f","P4","B","V4","2015",14,1,"P"
"P4_B_V4_2015",18,"f","P4","B","V4","2015",36,1,"P"
"P4_B_V4_2015",19,"f","P4","B","V4","2015",3,1,"P"
"P4_B_V4_2015",21,"f","P4","B","V4","2015",2,0,"P"
"P4_B_V4_2015",16,"m","P4","B","V4","2015",2,1,"P"
"P4_B_V4_2015",17,"m","P4","B","V4","2015",9,1,"P"
"P4_B_V4_2015",18,"m","P4","B","V4","2015",17,1,"P"
"P4_B_V4_2015",19,"m","P4","B","V4","2015",7,1,"P"
"P4_B_V4_2015",21,"m","P4","B","V4","2015",3,0,"P"
"P4_B_V5_2015",16,"f","P4","B","V5","2015",9,1,"P"
"P4_B_V5_2015",17,"f","P4","B","V5","2015",21,1,"P"
"P4_B_V5_2015",18,"f","P4","B","V5","2015",17,1,"P"
"P4_B_V5_2015",21,"f","P4","B","V5","2015",7,0,"P"
"P4_B_V5_2015",16,"m","P4","B","V5","2015",4,1,"P"
"P4_B_V5_2015",17,"m","P4","B","V5","2015",18,1,"P"
"P4_B_V5_2015",18,"m","P4","B","V5","2015",15,1,"P"
"P4_B_V5_2015",19,"m","P4","B","V5","2015",2,1,"P"
"P4_B_V5_2015",21,"m","P4","B","V5","2015",7,0,"P"
"P4_B_V6_2015",16,"f","P4","B","V6","2015",3,1,"P"
"P4_B_V6_2015",17,"f","P4","B","V6","2015",24,1,"P"
"P4_B_V6_2015",18,"f","P4","B","V6","2015",23,1,"P"
"P4_B_V6_2015",19,"f","P4","B","V6","2015",1,1,"P"
"P4_B_V6_2015",21,"f","P4","B","V6","2015",4,0,"P"
"P4_B_V6_2015",17,"m","P4","B","V6","2015",9,1,"P"
"P4_B_V6_2015",18,"m","P4","B","V6","2015",30,1,"P"
"P4_B_V6_2015",19,"m","P4","B","V6","2015",1,1,"P"
"P4_B_V6_2015",21,"m","P4","B","V6","2015",5,0,"P"
"P4_C_V1_2015",17,"f","P4","C","V1","2015",4,1,"P"
"P4_C_V1_2015",18,"f","P4","C","V1","2015",26,1,"P"
"P4_C_V1_2015",19,"f","P4","C","V1","2015",12,1,"P"
"P4_C_V1_2015",20,"f","P4","C","V1","2015",1,1,"P"
"P4_C_V1_2015",21,"f","P4","C","V1","2015",0,0,"P"
"P4_C_V1_2015",18,"m","P4","C","V1","2015",23,1,"P"
"P4_C_V1_2015",19,"m","P4","C","V1","2015",29,1,"P"
"P4_C_V1_2015",20,"m","P4","C","V1","2015",4,1,"P"
"P4_C_V1_2015",21,"m","P4","C","V1","2015",1,0,"P"
"P4_C_V2_2015",16,"f","P4","C","V2","2015",1,1,"P"
"P4_C_V2_2015",17,"f","P4","C","V2","2015",11,1,"P"
"P4_C_V2_2015",18,"f","P4","C","V2","2015",23,1,"P"
"P4_C_V2_2015",19,"f","P4","C","V2","2015",4,1,"P"
"P4_C_V2_2015",20,"f","P4","C","V2","2015",4,1,"P"
"P4_C_V2_2015",21,"f","P4","C","V2","2015",2,0,"P"
"P4_C_V2_2015",17,"m","P4","C","V2","2015",2,1,"P"
"P4_C_V2_2015",18,"m","P4","C","V2","2015",32,1,"P"
"P4_C_V2_2015",19,"m","P4","C","V2","2015",11,1,"P"
"P4_C_V2_2015",20,"m","P4","C","V2","2015",7,1,"P"
"P4_C_V2_2015",21,"m","P4","C","V2","2015",3,0,"P"
"P4_C_V3_2015",17,"f","P4","C","V3","2015",8,1,"P"
"P4_C_V3_2015",18,"f","P4","C","V3","2015",26,1,"P"
"P4_C_V3_2015",19,"f","P4","C","V3","2015",36,1,"P"
"P4_C_V3_2015",21,"f","P4","C","V3","2015",1,1,"P"
"P4_C_V3_2015",21,"f","P4","C","V3","2015",-9,0,"P"
"P4_C_V3_2015",17,"m","P4","C","V3","2015",2,1,"P"
"P4_C_V3_2015",18,"m","P4","C","V3","2015",18,1,"P"
"P4_C_V3_2015",19,"m","P4","C","V3","2015",27,1,"P"
"P4_C_V3_2015",21,"m","P4","C","V3","2015",2,1,"P"
"P4_C_V3_2015",21,"m","P4","C","V3","2015",-11,0,"P"
"P4_C_V4_2015",17,"f","P4","C","V4","2015",10,1,"P"
"P4_C_V4_2015",18,"f","P4","C","V4","2015",33,1,"P"
"P4_C_V4_2015",19,"f","P4","C","V4","2015",20,1,"P"
"P4_C_V4_2015",20,"f","P4","C","V4","2015",1,1,"P"
"P4_C_V4_2015",21,"f","P4","C","V4","2015",0,0,"P"
"P4_C_V4_2015",17,"m","P4","C","V4","2015",6,1,"P"
"P4_C_V4_2015",18,"m","P4","C","V4","2015",19,1,"P"
"P4_C_V4_2015",19,"m","P4","C","V4","2015",9,1,"P"
"P4_C_V4_2015",20,"m","P4","C","V4","2015",1,1,"P"
"P4_C_V4_2015",21,"m","P4","C","V4","2015",1,0,"P"
"P4_C_V5_2015",17,"f","P4","C","V5","2015",10,1,"P"
"P4_C_V5_2015",18,"f","P4","C","V5","2015",25,1,"P"
"P4_C_V5_2015",19,"f","P4","C","V5","2015",16,1,"P"
"P4_C_V5_2015",21,"f","P4","C","V5","2015",7,0,"P"
"P4_C_V5_2015",17,"m","P4","C","V5","2015",3,1,"P"
"P4_C_V5_2015",18,"m","P4","C","V5","2015",19,1,"P"
"P4_C_V5_2015",19,"m","P4","C","V5","2015",13,1,"P"
"P4_C_V5_2015",21,"m","P4","C","V5","2015",7,0,"P"
"P4_C_V6_2015",17,"f","P4","C","V6","2015",9,1,"P"
"P4_C_V6_2015",18,"f","P4","C","V6","2015",26,1,"P"
"P4_C_V6_2015",19,"f","P4","C","V6","2015",2,1,"P"
"P4_C_V6_2015",20,"f","P4","C","V6","2015",3,1,"P"
"P4_C_V6_2015",21,"f","P4","C","V6","2015",1,1,"P"
"P4_C_V6_2015",21,"f","P4","C","V6","2015",13,0,"P"
"P4_C_V6_2015",17,"m","P4","C","V6","2015",1,1,"P"
"P4_C_V6_2015",18,"m","P4","C","V6","2015",18,1,"P"
"P4_C_V6_2015",19,"m","P4","C","V6","2015",12,1,"P"
"P4_C_V6_2015",20,"m","P4","C","V6","2015",1,1,"P"
"P4_C_V6_2015",21,"m","P4","C","V6","2015",14,0,"P"
